accuracy,iteration,time,shrinking,random_state,max_iter,kernel,decision_function_shape,class_weight,C
0.13496932515337423,3,20.94359517097473,False,42,10000,linear,ovr,None,0.043092332281862634
0.656441717791411,6,21.410228967666626,False,42,10000,linear,ovr,balanced,116.19836038697957
0.6932515337423313,2,23.344769954681396,True,42,10000,linear,ovr,balanced,4.277598314820375
0.13496932515337423,11,23.399250507354736,True,42,10000,linear,ovr,None,0.004385306977749856
0.13496932515337423,4,23.62890934944153,False,42,10000,linear,ovr,None,0.002447935666196066
0.656441717791411,1,24.67125129699707,False,42,10000,linear,ovr,None,795.0601750844187
0.13496932515337423,9,24.746769905090332,True,42,10000,linear,ovr,None,0.10318106352675918
0.49693251533742333,0,26.574878931045532,True,42,10000,linear,ovr,None,0.5475200153037678
0.656441717791411,10,26.572434186935425,True,42,10000,linear,ovr,balanced,0.5039645636126429
0.19631901840490798,8,27.812395572662354,True,42,10000,linear,ovr,None,0.19696996148999232
0.6809815950920245,7,29.912915229797363,True,42,10000,linear,ovr,balanced,2.13796208950223
0.09815950920245399,5,31.732420444488525,False,42,10000,linear,ovr,balanced,0.013727770182085486
0.656441717791411,12,23.385363817214966,True,42,10000,linear,ovr,balanced,171.08029875993253
0.22085889570552147,13,23.014249801635742,True,42,10000,linear,ovr,balanced,0.1964264645879854
0.656441717791411,16,27.547733783721924,False,42,10000,linear,ovr,balanced,99.26588068710295
0.6993865030674846,14,28.63580870628357,False,42,10000,linear,ovr,balanced,0.8855233145028538
0.6871165644171779,18,27.65615749359131,True,42,10000,linear,ovr,balanced,0.6773295140086062
0.13496932515337423,20,25.889214277267456,False,42,10000,linear,ovr,None,0.04417738448896476
0.13496932515337423,19,27.390344858169556,False,42,10000,linear,ovr,None,0.127291674619356
0.15950920245398773,15,31.568267107009888,True,42,10000,linear,ovr,balanced,0.17298163592151014
0.6809815950920245,22,25.766254901885986,True,42,10000,linear,ovr,None,4.081313915969719
0.06134969325153374,17,32.16130995750427,False,42,10000,linear,ovr,balanced,0.01218989598924866
0.13496932515337423,21,33.31093382835388,True,42,10000,linear,ovr,None,0.09136923736814541
0.6932515337423313,24,21.678900480270386,False,42,10000,linear,ovr,None,1.7914306484060245
0.6932515337423313,23,34.906726360321045,False,42,10000,linear,ovr,None,2.8106062003343975
0.0736196319018405,25,24.378922700881958,True,42,10000,linear,ovr,balanced,0.002259435770220978
0.656441717791411,29,26.675219535827637,False,42,10000,linear,ovr,balanced,39.77406691050278
0.656441717791411,28,26.776056051254272,False,42,10000,linear,ovr,balanced,180.80065521100045
0.656441717791411,32,25.809650659561157,True,42,10000,linear,ovr,balanced,156.60297206860469
0.13496932515337423,30,28.131284475326538,True,42,10000,linear,ovr,None,0.006975896043328044
0.6073619631901841,26,31.16428780555725,True,42,10000,linear,ovr,balanced,0.3865449465982836
0.656441717791411,31,28.673722505569458,False,42,10000,linear,ovr,None,179.80426951774348
0.03067484662576687,27,34.144628047943115,True,42,10000,linear,ovr,balanced,0.0015177491558612493
0.19631901840490798,33,30.495731353759766,False,42,10000,linear,ovr,None,0.20081678041839857
0.656441717791411,37,20.678019285202026,False,42,10000,linear,ovr,balanced,156.60297206860469
0.656441717791411,35,24.005874156951904,True,42,10000,linear,ovr,None,51.14462515963038
0.656441717791411,34,37.86551094055176,True,42,10000,linear,ovr,balanced,591.561634175473
0.656441717791411,36,33.479044914245605,False,42,10000,linear,ovr,balanced,21.30100037411248
0.13496932515337423,40,22.93463397026062,False,42,10000,linear,ovr,None,0.018046791465567216
0.012269938650306749,38,31.372794151306152,False,42,10000,linear,ovr,balanced,0.012882495516931335
0.06134969325153374,39,31.381425857543945,False,42,10000,linear,ovr,balanced,0.011282361216489926
0.656441717791411,43,27.589198350906372,False,42,10000,linear,ovr,balanced,40.66305463404279
0.6871165644171779,42,29.025274991989136,True,42,10000,linear,ovr,balanced,6.937452139421228
0.656441717791411,41,29.28907561302185,True,42,10000,linear,ovr,None,89.61898068616136
0.6748466257668712,46,23.13264799118042,True,42,10000,linear,ovr,None,5.910170366102436
0.06134969325153374,47,25.3151376247406,True,42,10000,linear,ovr,balanced,0.0028734258866748717
0.656441717791411,45,28.614619255065918,False,42,10000,linear,ovr,balanced,211.64109507708636
0.7116564417177914,44,33.274359703063965,True,42,10000,linear,ovr,None,1.412537544622754
0.09202453987730061,50,26.583476305007935,True,42,10000,linear,ovr,balanced,0.017076544728138743
0.656441717791411,48,33.404343605041504,False,42,10000,linear,ovr,None,40.1051366086575
0.6748466257668712,56,23.009737730026245,True,42,10000,linear,ovr,balanced,0.5883015599888819
0.09202453987730061,49,37.43305802345276,True,42,10000,linear,ovr,balanced,0.030846081377571416
0.656441717791411,52,27.784717082977295,False,42,10000,linear,ovr,None,861.3903457724265
0.656441717791411,54,27.4455144405365,False,42,10000,linear,ovr,balanced,193.73139245819533
0.6809815950920245,53,28.2669997215271,False,42,10000,linear,ovr,None,4.092606597300105
0.6871165644171779,57,25.388221979141235,True,42,10000,linear,ovr,None,3.6441815078886086
0.049079754601226995,51,34.64970803260803,False,42,10000,linear,ovr,balanced,0.00805378441199066
0.656441717791411,58,32.93286633491516,False,42,10000,linear,ovr,None,34.26099724881369
0.06134969325153374,55,37.69607949256897,False,42,10000,linear,ovr,balanced,0.032329575336809406
0.44171779141104295,60,22.97315287590027,False,42,10000,linear,ovr,None,0.47162845529983777
0.19631901840490798,62,22.245145559310913,True,42,10000,linear,ovr,None,0.18638029723461993
0.03067484662576687,59,41.8420627117157,False,42,10000,linear,ovr,balanced,0.0043371056350044145
0.6871165644171779,67,25.304200410842896,True,42,10000,linear,ovr,None,2.0511621788255647
0.656441717791411,63,28.91732096672058,False,42,10000,linear,ovr,balanced,943.6262202767251
0.43558282208588955,64,28.21987271308899,True,42,10000,linear,ovr,None,0.4677351412871981
0.656441717791411,66,27.752659559249878,False,42,10000,linear,ovr,balanced,295.66505650829396
0.0736196319018405,61,35.94741439819336,True,42,10000,linear,ovr,balanced,0.11945380829338861
0.656441717791411,65,31.803683042526245,True,42,10000,linear,ovr,balanced,49.20395356814501
0.13496932515337423,68,31.06824779510498,False,42,10000,linear,ovr,None,0.004897788193684461
0.656441717791411,71,25.187355279922485,True,42,10000,linear,ovr,None,151.0775731924994
0.06134969325153374,72,25.146018981933594,True,42,10000,linear,ovr,balanced,0.018501204347718583
0.6809815950920245,70,36.63954496383667,True,42,10000,linear,ovr,balanced,1.4481048230513716
0.06748466257668712,69,38.3212194442749,True,42,10000,linear,ovr,balanced,0.004230580857765231
0.5153374233128835,74,23.355820178985596,False,42,10000,linear,ovr,None,0.5883015599888819
0.656441717791411,77,27.44114637374878,False,42,10000,linear,ovr,None,469.0293284059374
0.17177914110429449,75,28.240086555480957,True,42,10000,linear,ovr,None,0.1744214931561175
0.06134969325153374,73,37.09524965286255,False,42,10000,linear,ovr,balanced,0.0019516413002858266
0.6748466257668712,76,32.952943325042725,True,42,10000,linear,ovr,None,6.899220098440467
0.13496932515337423,78,31.473822832107544,True,42,10000,linear,ovr,None,0.03025519803872306
0.13496932515337423,79,30.826486587524414,False,42,10000,linear,ovr,None,0.005796955946535209
0.6809815950920245,81,22.644489288330078,False,42,10000,linear,ovr,balanced,7.834296427662112
0.6871165644171779,82,24.12267804145813,True,42,10000,linear,ovr,balanced,6.109420249055715
0.13496932515337423,80,34.71799898147583,False,42,10000,linear,ovr,None,0.029675633580735286
0.656441717791411,85,22.694608449935913,False,42,10000,linear,ovr,None,353.8343568147221
0.656441717791411,83,32.97031211853027,False,42,10000,linear,ovr,balanced,25.07263624777116
0.6809815950920245,84,32.17991518974304,False,42,10000,linear,ovr,None,3.7566436461445862
0.656441717791411,92,22.341532468795776,False,42,10000,linear,ovr,balanced,45.91980128368685
0.6380368098159509,86,31.547356843948364,True,42,10000,linear,ovr,None,0.9541134102819789
0.656441717791411,87,32.72195601463318,True,42,10000,linear,ovr,None,543.0002130657377
0.6871165644171779,89,30.25145125389099,False,42,10000,linear,ovr,balanced,0.7670081876935095
0.13496932515337423,90,30.013257265090942,False,42,10000,linear,ovr,None,0.07066429004252071
0.656441717791411,91,29.036344051361084,False,42,10000,linear,ovr,None,137.9113469023599
0.6932515337423313,93,23.762463092803955,True,42,10000,linear,ovr,None,2.6157726827191055
0.7055214723926381,88,33.327847957611084,True,42,10000,linear,ovr,None,1.4845676750522714
0.656441717791411,95,22.6526997089386,False,42,10000,linear,ovr,balanced,21.066869257394146
0.4785276073619632,94,38.59961223602295,True,42,10000,linear,ovr,balanced,0.29080374827353117
0.656441717791411,98,25.110147714614868,True,42,10000,linear,ovr,None,92.12977276685545
0.656441717791411,104,20.870110034942627,False,42,10000,linear,ovr,balanced,606.4569815101354
0.656441717791411,97,32.95186686515808,True,42,10000,linear,ovr,balanced,77.41052270741217
0.588957055214724,96,34.14185571670532,True,42,10000,linear,ovr,balanced,0.34897956743787417
0.13496932515337423,99,30.06280517578125,False,42,10000,linear,ovr,None,0.04630202658603082
0.656441717791411,106,22.541743516921997,False,42,10000,linear,ovr,balanced,85.74326166361787
0.656441717791411,100,33.31922149658203,True,42,10000,linear,ovr,None,33.697679858440324
0.656441717791411,103,31.75541615486145,True,42,10000,linear,ovr,balanced,265.4605561975536
0.656441717791411,102,32.60582637786865,True,42,10000,linear,ovr,None,33.32728995761372
0.06134969325153374,101,33.569209814071655,True,42,10000,linear,ovr,balanced,0.0013854791675667229
0.656441717791411,105,37.18182420730591,True,42,10000,linear,ovr,None,54.350056512944654
0.656441717791411,107,22.013999462127686,False,42,10000,linear,ovr,None,16.383247796286373
0.656441717791411,109,23.309135913848877,True,42,10000,linear,ovr,None,682.9674408079633
0.13496932515337423,113,23.074207305908203,False,42,10000,linear,ovr,None,0.018146797793969282
0.4171779141104294,108,32.6727511882782,False,42,10000,linear,ovr,None,0.46004466639347785
0.656441717791411,110,31.19037628173828,False,42,10000,linear,ovr,balanced,784.1515405281202
0.6871165644171779,111,32.092246770858765,False,42,10000,linear,ovr,balanced,2.36809979387379
0.6625766871165644,112,30.56310486793518,False,42,10000,linear,ovr,balanced,17.458221529205037
0.6809815950920245,116,31.730034589767456,False,42,10000,linear,ovr,None,3.9264493539959973
0.656441717791411,114,34.93774676322937,True,42,10000,linear,ovr,None,387.6144867002404
0.13496932515337423,120,21.123582363128662,True,42,10000,linear,ovr,None,0.013652116950664461
0.11042944785276074,119,25.344029664993286,True,42,10000,linear,ovr,balanced,0.030088462766457255
0.38650306748466257,115,36.29581880569458,True,42,10000,linear,ovr,balanced,0.23768402866248758
0.13496932515337423,118,31.147775888442993,False,42,10000,linear,ovr,None,0.003926449353995997
0.049079754601226995,117,38.26091504096985,True,42,10000,linear,ovr,balanced,0.01470957076796977
0.7055214723926381,121,25.776203870773315,True,42,10000,linear,ovr,None,1.5473907628208767
0.656441717791411,122,32.06401085853577,False,42,10000,linear,ovr,balanced,384.4147117595775
0.6871165644171779,123,32.49976563453674,False,42,10000,linear,ovr,balanced,6.367955209079155
0.13496932515337423,128,21.415886163711548,True,42,10000,linear,ovr,None,0.017314103128901543
0.6993865030674846,125,32.313339948654175,False,42,10000,linear,ovr,None,1.1934383792107943
0.656441717791411,129,24.423060655593872,True,42,10000,linear,ovr,None,193.19683170169222
0.06134969325153374,124,38.29769229888916,False,42,10000,linear,ovr,balanced,0.003317416496945389
0.6809815950920245,127,33.369688272476196,False,42,10000,linear,ovr,balanced,8.12082216249983
0.03067484662576687,133,26.90945315361023,False,42,10000,linear,ovr,balanced,0.017123794212449275
0.049079754601226995,126,39.14731025695801,False,42,10000,linear,ovr,balanced,0.0046730453963150995
0.049079754601226995,130,37.07365083694458,True,42,10000,linear,ovr,balanced,0.01274089685919111
0.06134969325153374,131,37.28235936164856,False,42,10000,linear,ovr,balanced,0.0012717448862880681
0.6871165644171779,132,37.05453968048096,True,42,10000,linear,ovr,balanced,5.119175279997104
0.2147239263803681,136,22.306671857833862,False,42,10000,linear,ovr,None,0.23184620954131294
0.13496932515337423,138,22.84806180000305,True,42,10000,linear,ovr,None,0.011282361216489926
0.6809815950920245,134,36.0785653591156,True,42,10000,linear,ovr,None,4.495727713019051
0.6932515337423313,135,34.53821086883545,True,42,10000,linear,ovr,balanced,1.0111137119549067
0.656441717791411,141,25.044134378433228,True,42,10000,linear,ovr,balanced,127.99706167051794
0.06134969325153374,137,39.02345061302185,False,42,10000,linear,ovr,balanced,0.03650900524844982
0.6809815950920245,146,21.28933882713318,False,42,10000,linear,ovr,None,5.248074602497723
0.07975460122699386,139,39.39756894111633,True,42,10000,linear,ovr,balanced,0.1382929369795943
0.15950920245398773,140,34.59321427345276,True,42,10000,linear,ovr,None,0.1614358556826485
0.656441717791411,147,22.851354837417603,False,42,10000,linear,ovr,balanced,25.63303319865895
0.13496932515337423,142,34.47614598274231,True,42,10000,linear,ovr,None,0.09981596274917238
0.049079754601226995,143,38.53685140609741,True,42,10000,linear,ovr,balanced,0.005829079788672337
0.09815950920245399,144,38.4366397857666,True,42,10000,linear,ovr,balanced,0.0022908676527677724
0.06134969325153374,145,39.18522000312805,False,42,10000,linear,ovr,balanced,0.0049522208008852125
0.656441717791411,150,22.01233172416687,False,42,10000,linear,ovr,None,649.8303634842365
0.656441717791411,149,32.169795513153076,False,42,10000,linear,ovr,balanced,191.6019832068454
0.06748466257668712,152,25.112566471099854,False,42,10000,linear,ovr,balanced,0.006823386941416697
0.7116564417177914,148,36.372957944869995,True,42,10000,linear,ovr,None,1.3037670471382128
0.656441717791411,155,22.31592059135437,False,42,10000,linear,ovr,balanced,199.71008660281842
0.6441717791411042,151,36.34511113166809,True,42,10000,linear,ovr,balanced,0.4401492842868148
0.6809815950920245,154,32.07721972465515,False,42,10000,linear,ovr,None,4.0476224868787325
0.13496932515337423,156,28.66746234893799,False,42,10000,linear,ovr,None,0.001984266498484643
0.656441717791411,153,36.25178503990173,True,42,10000,linear,ovr,balanced,23.07809729698403
0.656441717791411,160,22.243828535079956,False,42,10000,linear,ovr,None,569.1149576288402
0.656441717791411,157,33.47985005378723,False,42,10000,linear,ovr,balanced,30.088462766457237
0.656441717791411,162,21.333093643188477,False,42,10000,linear,ovr,None,972.747223776964
0.31901840490797545,164,23.230806350708008,False,42,10000,linear,ovr,None,0.3176874070649769
0.6809815950920245,158,37.47967839241028,True,42,10000,linear,ovr,balanced,2.028616716966293
0.06134969325153374,159,40.11734342575073,True,42,10000,linear,ovr,balanced,0.036812897364253125
0.1411042944785276,161,37.86147165298462,True,42,10000,linear,ovr,balanced,0.1778279410038923
0.7055214723926381,163,35.187602519989014,True,42,10000,linear,ovr,None,1.564588018040553
0.13496932515337423,165,30.57259225845337,False,42,10000,linear,ovr,None,0.00889610704409229
0.656441717791411,166,31.07303285598755,False,42,10000,linear,ovr,None,49.3400971187957
0.06134969325153374,169,25.918127059936523,False,42,10000,linear,ovr,balanced,0.011824968703831047
0.656441717791411,167,33.1063711643219,False,42,10000,linear,ovr,None,226.15177461083582
0.656441717791411,171,23.494710683822632,True,42,10000,linear,ovr,None,63.97348354826469
0.656441717791411,168,39.605480432510376,True,42,10000,linear,ovr,None,19.76969640111858
0.06134969325153374,172,27.610852003097534,False,42,10000,linear,ovr,balanced,0.005485295139412029
0.06134969325153374,170,39.80355620384216,False,42,10000,linear,ovr,balanced,0.0022039411818101087
0.656441717791411,176,28.65181803703308,False,42,10000,linear,ovr,balanced,558.2130689177255
0.06134969325153374,173,37.843581438064575,False,42,10000,linear,ovr,balanced,0.04405548635065532
0.7055214723926381,179,24.401461124420166,True,42,10000,linear,ovr,None,1.509384896654952
0.6932515337423313,175,32.5322208404541,True,42,10000,linear,ovr,balanced,1.2302687708123812
0.06134969325153374,174,36.6137809753418,False,42,10000,linear,ovr,balanced,0.002703958364108843
0.6993865030674846,181,23.549864530563354,True,42,10000,linear,ovr,None,1.6904409316432631
0.13496932515337423,178,31.633406162261963,True,42,10000,linear,ovr,None,0.008677607449911457
0.656441717791411,177,35.105658292770386,True,42,10000,linear,ovr,balanced,76.77149537690269
0.656441717791411,183,23.640106439590454,False,42,10000,linear,ovr,balanced,59.53878941276853
0.656441717791411,180,35.57259202003479,False,42,10000,linear,ovr,None,64.50598332848311
0.6503067484662577,182,36.46741461753845,False,42,10000,linear,ovr,None,0.9890084450210648
0.656441717791411,190,20.43691897392273,False,42,10000,linear,ovr,balanced,414.1903726221003
0.12269938650306748,187,25.133171558380127,False,42,10000,linear,ovr,balanced,0.14099379493587233
0.656441717791411,184,32.22398257255554,False,42,10000,linear,ovr,None,471.6284552998373
0.13496932515337423,186,31.277858018875122,True,42,10000,linear,ovr,None,0.007231027280500616
0.656441717791411,188,29.42332649230957,False,42,10000,linear,ovr,balanced,922.9963848404526
0.656441717791411,185,33.63829278945923,True,42,10000,linear,ovr,balanced,59.86872372480592
0.7055214723926381,193,23.645896673202515,False,42,10000,linear,ovr,None,1.480471324897625
0.13496932515337423,192,32.02009582519531,False,42,10000,linear,ovr,None,0.055106141113906555
0.09202453987730061,189,38.18296551704407,False,42,10000,linear,ovr,balanced,0.12694044019618023
0.13496932515337423,196,19.83067035675049,True,42,10000,linear,ovr,None,0.0017522658618857076
0.656441717791411,191,37.007415771484375,True,42,10000,linear,ovr,None,67.79536449241947
0.2147239263803681,194,36.92594504356384,False,42,10000,linear,ovr,None,0.2280342072000416
0.06134969325153374,197,26.490622758865356,True,42,10000,linear,ovr,balanced,0.007033961712162472
0.6932515337423313,195,35.858606815338135,True,42,10000,linear,ovr,balanced,1.1868613846449192
0.656441717791411,199,30.16704750061035,False,42,10000,linear,ovr,balanced,113.03163247386955
0.656441717791411,202,25.474520444869995,True,42,10000,linear,ovr,balanced,245.69708276368362
0.6871165644171779,198,34.08074474334717,True,42,10000,linear,ovr,balanced,13.061708881318404
0.656441717791411,200,33.20675468444824,True,42,10000,linear,ovr,balanced,356.7795882885619
0.656441717791411,201,34.01188659667969,True,42,10000,linear,ovr,balanced,50.862769030643605
0.6809815950920245,205,24.899948596954346,True,42,10000,linear,ovr,None,4.446312674691084
0.6073619631901841,204,32.844062089920044,False,42,10000,linear,ovr,None,0.8128305161640986
0.13496932515337423,208,24.05098843574524,True,42,10000,linear,ovr,None,0.11240871934697293
0.656441717791411,203,36.457826137542725,True,42,10000,linear,ovr,balanced,51.286138399136476
0.13496932515337423,206,34.44532918930054,False,42,10000,linear,ovr,None,0.010129779687601015
0.656441717791411,211,25.22810125350952,True,42,10000,linear,ovr,balanced,152.756605823807
0.656441717791411,215,21.304665088653564,False,42,10000,linear,ovr,None,167.34009068393104
0.6932515337423313,207,39.35640811920166,True,42,10000,linear,ovr,balanced,2.9133992225701615
0.2883435582822086,210,31.642839193344116,False,42,10000,linear,ovr,None,0.295665056508294
0.656441717791411,209,34.60121726989746,True,42,10000,linear,ovr,None,122.46161992650464
0.656441717791411,213,32.67219686508179,True,42,10000,linear,ovr,balanced,242.32599240925467
0.06134969325153374,212,34.82123136520386,True,42,10000,linear,ovr,balanced,0.0024210290467361773
0.018404907975460124,217,26.715084314346313,True,42,10000,linear,ovr,balanced,0.0026302679918953813
0.03680981595092025,214,37.354390382766724,False,42,10000,linear,ovr,balanced,0.08294686950952625
0.6380368098159509,216,35.5444712638855,True,42,10000,linear,ovr,None,0.9488553267278009
0.656441717791411,219,31.80586051940918,False,42,10000,linear,ovr,None,76.9839161929434
0.6871165644171779,221,20.740514039993286,False,42,10000,linear,ovr,balanced,5.23359365186758
0.09202453987730061,220,24.919872522354126,True,42,10000,linear,ovr,balanced,0.010413578615284342
0.07975460122699386,218,36.987202644348145,True,42,10000,linear,ovr,balanced,0.11460405911366019
0.656441717791411,222,32.52739143371582,False,42,10000,linear,ovr,None,644.4659847416876
0.656441717791411,224,31.74101972579956,False,42,10000,linear,ovr,balanced,849.5716271561207
0.6748466257668712,223,35.23149085044861,True,42,10000,linear,ovr,balanced,0.5551367774352108
0.656441717791411,227,24.595183610916138,True,42,10000,linear,ovr,balanced,96.56060985415496
0.13496932515337423,231,18.012876987457275,False,42,10000,linear,ovr,None,0.001303767047138214
0.656441717791411,225,33.42772030830383,True,42,10000,linear,ovr,balanced,148.18355175164305
0.656441717791411,226,33.3068265914917,True,42,10000,linear,ovr,None,304.78949896279767
0.656441717791411,232,25.351928234100342,True,42,10000,linear,ovr,balanced,93.41142557364785
0.13496932515337423,228,33.14662790298462,False,42,10000,linear,ovr,None,0.04429961991003636
0.13496932515337423,229,34.209179162979126,False,42,10000,linear,ovr,None,0.01624800335227319
0.06748466257668712,230,39.69590878486633,False,42,10000,linear,ovr,balanced,0.019552396696208865
0.656441717791411,238,21.890478134155273,True,42,10000,linear,ovr,balanced,626.902497476164
0.6871165644171779,237,22.968714475631714,True,42,10000,linear,ovr,balanced,7.072940424045753
0.049079754601226995,233,38.97687911987305,True,42,10000,linear,ovr,balanced,0.001160913870126182
0.13496932515337423,234,33.267255544662476,False,42,10000,linear,ovr,None,0.08433347577642752
0.656441717791411,240,29.341490745544434,False,42,10000,linear,ovr,balanced,887.9734893257655
0.656441717791411,235,34.62343168258667,True,42,10000,linear,ovr,balanced,82.71799518641329
0.6871165644171779,241,23.780532121658325,False,42,10000,linear,ovr,balanced,1.480471324897625
0.13496932515337423,239,31.87973189353943,True,42,10000,linear,ovr,None,0.07509309424540643
0.08588957055214724,236,38.44516134262085,False,42,10000,linear,ovr,balanced,0.0017378008287493763
0.656441717791411,245,22.809743881225586,True,42,10000,linear,ovr,None,1.0251797048255566
0.6748466257668712,246,23.05770778656006,False,42,10000,linear,ovr,balanced,0.5536049950434
0.049079754601226995,242,39.99067044258118,True,42,10000,linear,ovr,balanced,0.0016398344276265361
0.6809815950920245,243,37.68354249000549,True,42,10000,linear,ovr,balanced,10.046157902783946
0.7055214723926381,244,32.828269481658936,False,42,10000,linear,ovr,None,1.6262975210134087
0.13496932515337423,251,23.906278371810913,True,42,10000,linear,ovr,None,0.03671131996879641
0.6932515337423313,248,30.021504163742065,False,42,10000,linear,ovr,balanced,2.9053603143031457
0.656441717791411,247,32.579550981521606,True,42,10000,linear,ovr,balanced,835.6030182312475
0.656441717791411,249,31.79329824447632,False,42,10000,linear,ovr,balanced,593.1984396649716
0.6871165644171779,255,21.33595061302185,False,42,10000,linear,ovr,balanced,13.025667861366887
0.656441717791411,254,23.117178440093994,True,42,10000,linear,ovr,balanced,717.7942912713614
0.07975460122699386,250,36.85488319396973,False,42,10000,linear,ovr,balanced,0.12145069377157791
0.6809815950920245,252,34.912567377090454,True,42,10000,linear,ovr,None,4.817259035591629
0.6809815950920245,253,33.98309111595154,False,42,10000,linear,ovr,None,5.133339643802887
0.656441717791411,259,22.710855960845947,False,42,10000,linear,ovr,None,171.08029875993253
0.656441717791411,256,35.09736108779907,True,42,10000,linear,ovr,balanced,139.0592875465443
0.13496932515337423,261,26.86664319038391,True,42,10000,linear,ovr,None,0.0024076868456124442
0.6993865030674846,257,34.26850628852844,True,42,10000,linear,ovr,balanced,0.8953647655495938
0.6871165644171779,264,20.460132122039795,False,42,10000,linear,ovr,balanced,1.5261597656254615
0.13496932515337423,263,21.235448598861694,False,42,10000,linear,ovr,None,0.007791121911130927
0.06134969325153374,258,36.81737995147705,True,42,10000,linear,ovr,balanced,0.0065826384164090175
0.656441717791411,260,36.01115584373474,True,42,10000,linear,ovr,balanced,391.92232245497627
0.656441717791411,265,31.2284574508667,False,42,10000,linear,ovr,None,682.9674408079633
0.3128834355828221,262,37.19223666191101,True,42,10000,linear,ovr,balanced,0.22366601494661748
0.13496932515337423,268,21.609201192855835,True,42,10000,linear,ovr,None,0.003894036338797171
0.13496932515337423,267,33.587653398513794,True,42,10000,linear,ovr,None,0.046687433439201856
0.049079754601226995,266,37.26966404914856,True,42,10000,linear,ovr,balanced,0.007053424142580965
0.6932515337423313,272,21.008633375167847,False,42,10000,linear,ovr,balanced,2.9133992225701615
0.656441717791411,273,23.709646463394165,True,42,10000,linear,ovr,balanced,75.71815097147055
0.6932515337423313,269,32.11200666427612,False,42,10000,linear,ovr,balanced,2.818382931264452
0.22699386503067484,270,32.61505961418152,True,42,10000,linear,ovr,None,0.23572193636510064
0.6932515337423313,271,34.926984548568726,False,42,10000,linear,ovr,balanced,0.98627948563121
0.6809815950920245,278,24.414409637451172,False,42,10000,linear,ovr,balanced,0.655239394015981
0.0736196319018405,274,37.70082330703735,False,42,10000,linear,ovr,balanced,0.08046370017397997
0.656441717791411,275,36.42092943191528,True,42,10000,linear,ovr,balanced,129.77767816857812
0.656441717791411,276,31.009588956832886,False,42,10000,linear,ovr,balanced,38.26484865951093
0.6809815950920245,281,23.293817281723022,True,42,10000,linear,ovr,None,3.894036338797171
0.5030674846625767,277,32.646912813186646,True,42,10000,linear,ovr,None,0.5566727981509474
0.6871165644171779,282,22.52406072616577,False,42,10000,linear,ovr,balanced,2.3812226232768383
0.13496932515337423,279,32.70117545127869,True,42,10000,linear,ovr,None,0.007578792209160491
0.656441717791411,280,37.626601457595825,True,42,10000,linear,ovr,balanced,67.23571072343181
0.13496932515337423,286,23.48543429374695,True,42,10000,linear,ovr,None,0.13194714571951166
0.6748466257668712,284,33.33761525154114,False,42,10000,linear,ovr,None,6.8422667276595055
0.06134969325153374,283,38.92967653274536,True,42,10000,linear,ovr,balanced,0.04273660314969303
0.656441717791411,290,23.319096088409424,True,42,10000,linear,ovr,balanced,795.0601750844187
0.13496932515337423,285,34.49709343910217,True,42,10000,linear,ovr,None,0.012496833972112192
0.656441717791411,292,24.28713631629944,True,42,10000,linear,ovr,None,12.776149939707945
0.656441717791411,287,31.888413906097412,False,42,10000,linear,ovr,None,347.05635400798684
0.13496932515337423,289,32.45943903923035,True,42,10000,linear,ovr,None,0.0403273792976113
0.06134969325153374,288,38.441462993621826,False,42,10000,linear,ovr,balanced,0.06631320218835525
0.06134969325153374,291,40.15118193626404,True,42,10000,linear,ovr,balanced,0.03215140824832691
0.06134969325153374,295,26.68247961997986,True,42,10000,linear,ovr,balanced,0.02894676264176028
0.6257668711656442,293,38.4391815662384,False,42,10000,linear,ovr,balanced,0.4153364054890737
0.656441717791411,294,33.56779885292053,False,42,10000,linear,ovr,balanced,74.67925899308827
0.018404907975460124,298,24.32267689704895,True,42,10000,linear,ovr,balanced,0.0012473835142429433
0.6441717791411042,300,24.769661903381348,False,42,10000,linear,ovr,balanced,0.44750717204765567
0.656441717791411,296,33.926151275634766,False,42,10000,linear,ovr,balanced,178.3199772232916
0.13496932515337423,297,33.698060750961304,True,42,10000,linear,ovr,None,0.019989411112356595
0.13496932515337423,301,31.950003623962402,True,42,10000,linear,ovr,None,0.005670221181605434
0.6687116564417178,299,36.82967019081116,True,42,10000,linear,ovr,None,10.587660331136968
0.3067484662576687,305,23.20541548728943,True,42,10000,linear,ovr,None,0.3098846042012058
0.656441717791411,308,20.96624755859375,False,42,10000,linear,ovr,None,16.565326493180176
0.049079754601226995,302,39.2764036655426,False,42,10000,linear,ovr,balanced,0.005893862502405809
0.656441717791411,303,36.89022707939148,True,42,10000,linear,ovr,balanced,290.8037482735312
0.17791411042944785,304,32.91781234741211,True,42,10000,linear,ovr,None,0.17881337486902157
0.13496932515337423,309,23.584550380706787,True,42,10000,linear,ovr,None,0.09418895965228409
0.656441717791411,306,36.078420639038086,True,42,10000,linear,ovr,balanced,94.97296573624224
0.09815950920245399,307,37.11893033981323,True,42,10000,linear,ovr,balanced,0.022636016404497483
0.6932515337423313,310,36.92310619354248,True,42,10000,linear,ovr,balanced,4.265795188015925
0.13496932515337423,311,33.3889946937561,False,42,10000,linear,ovr,None,0.012600854590882374
0.6993865030674846,314,24.089152574539185,True,42,10000,linear,ovr,balanced,0.9332543007969905
0.6871165644171779,315,23.434787273406982,True,42,10000,linear,ovr,balanced,0.7670081876935095
0.13496932515337423,313,33.38765335083008,False,42,10000,linear,ovr,None,0.016338041693006806
0.6748466257668712,312,36.439048290252686,True,42,10000,linear,ovr,balanced,0.5754399373371566
0.049079754601226995,319,27.159737825393677,True,42,10000,linear,ovr,balanced,0.011376272858234305
0.13496932515337423,317,33.25828981399536,False,42,10000,linear,ovr,None,0.02642408757321946
0.6809815950920245,316,36.22268223762512,True,42,10000,linear,ovr,None,3.851234824289314
0.6441717791411042,318,35.51880145072937,False,42,10000,linear,ovr,balanced,0.4401492842868148
0.656441717791411,325,20.484911918640137,False,42,10000,linear,ovr,balanced,218.1724958988295
0.6809815950920245,321,31.805179834365845,False,42,10000,linear,ovr,balanced,8.896107044092288
0.06748466257668712,324,25.53116011619568,True,42,10000,linear,ovr,balanced,0.0024344451836922016
0.588957055214724,320,36.832744121551514,True,42,10000,linear,ovr,balanced,0.3329660852068803
0.3619631901840491,323,33.40821599960327,True,42,10000,linear,ovr,None,0.3718775833249355
0.13496932515337423,327,28.89612865447998,False,42,10000,linear,ovr,None,0.0025165177616146422
0.06134969325153374,322,37.14354133605957,True,42,10000,linear,ovr,balanced,0.05970352865838366
0.13496932515337423,326,33.28259563446045,True,42,10000,linear,ovr,None,0.009427575085274158
0.1165644171779141,328,27.35052752494812,True,42,10000,linear,ovr,balanced,0.0016626467968935364
0.656441717791411,332,21.273488521575928,False,42,10000,linear,ovr,None,18.501204347718584
0.6932515337423313,334,22.95363426208496,False,42,10000,linear,ovr,balanced,4.373206651696447
0.6748466257668712,329,33.433640241622925,False,42,10000,linear,ovr,balanced,15.980854594730909
0.3803680981595092,330,33.66628694534302,True,42,10000,linear,ovr,None,0.4164856093407411
0.7055214723926381,331,37.70339226722717,True,42,10000,linear,ovr,None,1.240509230042225
0.6871165644171779,333,35.52901887893677,True,42,10000,linear,ovr,balanced,0.9754387404402995
0.13496932515337423,340,22.25039792060852,True,42,10000,linear,ovr,None,0.005176068319505676
0.656441717791411,336,29.5278902053833,False,42,10000,linear,ovr,balanced,883.0799004185621
0.06134969325153374,335,37.433141231536865,True,42,10000,linear,ovr,balanced,0.006975896043328044
0.656441717791411,338,29.923115968704224,False,42,10000,linear,ovr,balanced,719.7803728026989
0.6932515337423313,337,31.296940088272095,False,42,10000,linear,ovr,balanced,3.1217635108481634
0.06134969325153374,341,25.091159105300903,True,42,10000,linear,ovr,balanced,0.0028813764348397
0.656441717791411,342,24.965893030166626,True,42,10000,linear,ovr,balanced,29.349452222697927
0.656441717791411,339,38.4535551071167,True,42,10000,linear,ovr,None,13.502058956622385
0.656441717791411,343,34.21845197677612,False,42,10000,linear,ovr,None,208.73727039105472
0.17791411042944785,347,26.244029760360718,False,42,10000,linear,ovr,balanced,0.18382306368835297
0.656441717791411,344,37.79577398300171,True,42,10000,linear,ovr,None,187.41312399767514
0.6932515337423313,346,30.39566946029663,False,42,10000,linear,ovr,balanced,3.7983939015450674
0.13496932515337423,352,21.24023747444153,True,42,10000,linear,ovr,None,0.006350384185040406
0.656441717791411,345,34.07245421409607,True,42,10000,linear,ovr,None,47.206304126359
0.656441717791411,348,30.284092664718628,False,42,10000,linear,ovr,balanced,837.9150674384088
0.6809815950920245,353,23.669090270996094,False,42,10000,linear,ovr,balanced,1.408639946361255
0.4110429447852761,349,32.76175832748413,True,42,10000,linear,ovr,None,0.45248063785554815
0.5950920245398773,350,33.76274061203003,True,42,10000,linear,ovr,None,0.7379042301291008
0.656441717791411,351,37.91548681259155,True,42,10000,linear,ovr,balanced,900.3264310597219
0.13496932515337423,356,21.809236526489258,False,42,10000,linear,ovr,None,0.004817259035591629
0.26993865030674846,354,36.49971103668213,False,42,10000,linear,ovr,None,0.2797692637854649
0.656441717791411,359,23.46854543685913,True,42,10000,linear,ovr,None,278.2274657675122
0.656441717791411,357,30.799869537353516,False,42,10000,linear,ovr,None,63.270315486650055
0.656441717791411,362,22.826504707336426,False,42,10000,linear,ovr,None,46.68743343920188
0.13496932515337423,361,27.342984676361084,True,42,10000,linear,ovr,None,0.003244890156605366
0.656441717791411,355,36.96207666397095,True,42,10000,linear,ovr,None,17.12379421244928
0.1165644171779141,358,35.814876317977905,False,42,10000,linear,ovr,balanced,0.0010834278621501396
0.06134969325153374,360,35.808467626571655,False,42,10000,linear,ovr,balanced,0.005546257129579105
0.13496932515337423,363,31.052052974700928,False,42,10000,linear,ovr,None,0.0034769624461781284
0.656441717791411,368,20.442594528198242,False,42,10000,linear,ovr,balanced,92.38468875379438
0.0736196319018405,366,25.72271180152893,True,42,10000,linear,ovr,balanced,0.08248975239353296
0.6871165644171779,364,38.1205415725708,True,42,10000,linear,ovr,None,3.028307694265778
0.6073619631901841,365,37.66163682937622,True,42,10000,linear,ovr,None,0.8287050779069821
0.06134969325153374,370,26.765248775482178,False,42,10000,linear,ovr,balanced,0.0010894316796591327
0.13496932515337423,367,34.812100648880005,True,42,10000,linear,ovr,None,0.017652247174525574
0.20245398773006135,371,31.67247772216797,False,42,10000,linear,ovr,None,0.21164109507708634
0.13496932515337423,373,29.03430700302124,False,42,10000,linear,ovr,None,0.00477749234659094
0.06134969325153374,369,36.54306149482727,True,42,10000,linear,ovr,balanced,0.03620762177566731
0.656441717791411,374,30.326096296310425,False,42,10000,linear,ovr,balanced,82.94686950952612
0.6871165644171779,376,23.126781463623047,True,42,10000,linear,ovr,balanced,0.7217719496686985
0.049079754601226995,372,37.237752199172974,False,42,10000,linear,ovr,balanced,0.019337485452952552
0.06134969325153374,377,25.28520894050598,False,42,10000,linear,ovr,balanced,0.0013589391171008013
0.13496932515337423,375,33.78438472747803,True,42,10000,linear,ovr,None,0.01357688064139091
0.13496932515337423,380,22.62622857093811,True,42,10000,linear,ovr,None,0.0032181034430934416
0.018404907975460124,378,39.18819499015808,True,42,10000,linear,ovr,balanced,0.00755788013680452
0.22699386503067484,379,34.32366704940796,True,42,10000,linear,ovr,None,0.23768402866248758
0.656441717791411,386,23.754334926605225,True,42,10000,linear,ovr,balanced,63.270315486650055
0.656441717791411,381,35.196524143218994,True,42,10000,linear,ovr,None,29.349452222697927
0.6809815950920245,388,22.379405736923218,False,42,10000,linear,ovr,balanced,1.3329074642313368
0.13496932515337423,383,29.196107149124146,False,42,10000,linear,ovr,None,0.019989411112356595
0.656441717791411,384,28.405392169952393,False,42,10000,linear,ovr,None,90.86570489581445
0.08588957055214724,382,35.41915726661682,False,42,10000,linear,ovr,balanced,0.0014125375446227542
0.13496932515337423,389,28.912940740585327,True,42,10000,linear,ovr,None,0.0017717400399431236
0.656441717791411,385,34.64373016357422,True,42,10000,linear,ovr,balanced,168.26740610704672
0.024539877300613498,390,27.200075149536133,False,42,10000,linear,ovr,balanced,0.006637430704019089
0.06748466257668712,387,39.92436742782593,True,42,10000,linear,ovr,balanced,0.04466835921509631
0.38650306748466257,393,21.763923406600952,True,42,10000,linear,ovr,None,0.42344791616920724
0.6809815950920245,395,21.841387510299683,False,42,10000,linear,ovr,None,3.872576449216169
0.6871165644171779,391,30.513779640197754,False,42,10000,linear,ovr,balanced,7.21107479182899
0.656441717791411,392,30.610509395599365,False,42,10000,linear,ovr,balanced,102.89635722967527
0.656441717791411,397,28.40324902534485,False,42,10000,linear,ovr,None,96.56060985415496
0.656441717791411,394,29.204583168029785,False,42,10000,linear,ovr,balanced,821.8640803889045
0.656441717791411,396,33.16561579704285,True,42,10000,linear,ovr,None,646.2491724953874
0.3496932515337423,398,31.026485681533813,False,42,10000,linear,ovr,None,0.3357376142429545
0.656441717791411,401,22.32532787322998,False,42,10000,linear,ovr,None,249.80435187141475
0.13496932515337423,399,33.194424867630005,False,42,10000,linear,ovr,None,0.0432115654470299
0.13496932515337423,404,20.536842823028564,False,42,10000,linear,ovr,None,0.004495727713019055
0.656441717791411,403,22.619554042816162,True,42,10000,linear,ovr,None,550.5540984847935
0.656441717791411,400,36.68581295013428,True,42,10000,linear,ovr,balanced,31.361729165129837
0.13496932515337423,402,34.84899973869324,False,42,10000,linear,ovr,None,0.006804559249946376
0.656441717791411,405,31.639081716537476,False,42,10000,linear,ovr,balanced,282.8785387970126
0.13496932515337423,411,22.39699959754944,True,42,10000,linear,ovr,None,0.01147096619773556
0.656441717791411,406,36.19844913482666,True,42,10000,linear,ovr,balanced,29.59374995343386
0.3496932515337423,407,32.37715530395508,False,42,10000,linear,ovr,None,0.3338873767251227
0.13496932515337423,413,21.32149362564087,False,42,10000,linear,ovr,None,0.011566447741656456
0.656441717791411,414,22.6551194190979,True,42,10000,linear,ovr,balanced,315.06488329723885
0.6932515337423313,408,36.37204647064209,True,42,10000,linear,ovr,None,2.3035625001175326
0.656441717791411,409,35.923354625701904,True,42,10000,linear,ovr,None,428.15399433741726
0.08588957055214724,410,37.73191571235657,False,42,10000,linear,ovr,balanced,0.144145138575821
0.656441717791411,412,39.03108787536621,True,42,10000,linear,ovr,None,419.9523346640656
0.6871165644171779,415,37.91961884498596,True,42,10000,linear,ovr,balanced,4.857356732878539
0.5828220858895705,418,24.96994113922119,True,42,10000,linear,ovr,balanced,0.34994516702835693
0.6932515337423313,422,20.32840609550476,False,42,10000,linear,ovr,None,2.6595000327215175
0.1656441717791411,421,24.845887899398804,True,42,10000,linear,ovr,balanced,0.18535316234148105
0.06134969325153374,416,40.888914823532104,False,42,10000,linear,ovr,balanced,0.0028813764348397
0.656441717791411,417,35.8634934425354,True,42,10000,linear,ovr,None,36.812897364253125
0.3558282208588957,423,31.68356680870056,False,42,10000,linear,ovr,None,0.35677958828856193
0.39263803680981596,419,36.65596413612366,False,42,10000,linear,ovr,balanced,0.24299648977032282
0.0736196319018405,420,36.133777141571045,False,42,10000,linear,ovr,balanced,0.02761849442075292
0.656441717791411,424,35.37178349494934,True,42,10000,linear,ovr,balanced,108.74267195462424
0.13496932515337423,425,32.72844219207764,True,42,10000,linear,ovr,None,0.05696393733411835
0.6687116564417178,429,20.27795672416687,False,42,10000,linear,ovr,None,9.664958643142134
0.656441717791411,428,23.961292505264282,True,42,10000,linear,ovr,balanced,53.45643593969714
0.6748466257668712,430,24.97390079498291,True,42,10000,linear,ovr,None,6.729766562843174
0.06134969325153374,426,38.951327085494995,False,42,10000,linear,ovr,balanced,0.0020286167169662928
0.656441717791411,427,36.694159746170044,True,42,10000,linear,ovr,balanced,249.1150696563862
0.38650306748466257,431,32.4535608291626,False,42,10000,linear,ovr,None,0.42344791616920724
0.06748466257668712,432,34.32965445518494,True,42,10000,linear,ovr,balanced,0.0013514500541175587
0.3067484662576687,433,29.9440016746521,False,42,10000,linear,ovr,None,0.30732649292042896
0.13496932515337423,435,31.001437187194824,False,42,10000,linear,ovr,None,0.1348962882591653
0.08588957055214724,438,24.31584095954895,False,42,10000,linear,ovr,balanced,0.0010804383723712297
0.656441717791411,434,33.190547704696655,True,42,10000,linear,ovr,None,43.09233228186259
0.06134969325153374,439,25.404012203216553,False,42,10000,linear,ovr,balanced,0.001612872362170401
0.656441717791411,437,31.96882462501526,False,42,10000,linear,ovr,balanced,39.554873505556216
0.6809815950920245,440,25.762567281723022,True,42,10000,linear,ovr,balanced,9.069847815057921
0.6809815950920245,436,36.95317077636719,True,42,10000,linear,ovr,None,5.277156817648113
0.26380368098159507,447,21.98070454597473,True,42,10000,linear,ovr,None,0.27365286541924666
0.656441717791411,442,32.88961911201477,True,42,10000,linear,ovr,None,675.4605666334998
0.13496932515337423,443,30.398077487945557,True,42,10000,linear,ovr,None,0.00789950721335816
0.13496932515337423,446,24.943474769592285,True,42,10000,linear,ovr,None,0.0013970115605412242
0.0736196319018405,441,36.052586793899536,True,42,10000,linear,ovr,balanced,0.11148078033638413
0.17177914110429449,449,23.13243579864502,False,42,10000,linear,ovr,None,0.1744214931561175
0.13496932515337423,445,30.492321014404297,False,42,10000,linear,ovr,None,0.0090448214904759
0.06134969325153374,444,35.70202851295471,True,42,10000,linear,ovr,balanced,0.0021557579680386296
0.13496932515337423,451,23.792903184890747,False,42,10000,linear,ovr,None,0.07365462114702305
0.656441717791411,448,38.36175227165222,True,42,10000,linear,ovr,None,45.91980128368685
0.13496932515337423,453,20.244945526123047,True,42,10000,linear,ovr,None,0.001967886289706845
0.656441717791411,452,33.05108642578125,False,42,10000,linear,ovr,balanced,56.49369748123022
0.06748466257668712,450,38.9701406955719,True,42,10000,linear,ovr,balanced,0.009246981739382229
0.656441717791411,458,24.91412878036499,True,42,10000,linear,ovr,None,39.12010393873506
0.13496932515337423,459,25.897346019744873,False,42,10000,linear,ovr,None,0.0012647363474711508
0.48466257668711654,457,30.22533917427063,False,42,10000,linear,ovr,None,0.5180837850719928
0.656441717791411,456,32.49226379394531,True,42,10000,linear,ovr,balanced,67.05018801628408
0.09815950920245399,454,35.12311840057373,True,42,10000,linear,ovr,balanced,0.04773094139287512
0.656441717791411,461,25.32408046722412,True,42,10000,linear,ovr,balanced,37.325015779571984
0.06134969325153374,455,37.47839021682739,True,42,10000,linear,ovr,balanced,0.009853715068586181
0.13496932515337423,463,22.641969203948975,True,42,10000,linear,ovr,None,0.04733692033483014
0.06134969325153374,460,39.57457709312439,True,42,10000,linear,ovr,balanced,0.03101701499477688
0.13496932515337423,465,26.262762546539307,False,42,10000,linear,ovr,None,0.001240509230042225
0.656441717791411,466,22.962860107421875,False,42,10000,linear,ovr,balanced,199.15902890576118
0.656441717791411,464,31.602993488311768,False,42,10000,linear,ovr,None,657.0523909635533
0.06134969325153374,462,38.70141291618347,False,42,10000,linear,ovr,balanced,0.0043132040069941615
0.13496932515337423,471,22.534137964248657,True,42,10000,linear,ovr,None,0.006510284984348613
0.656441717791411,467,33.723264932632446,True,42,10000,linear,ovr,None,1.036573256767004
0.6871165644171779,468,32.338053464889526,True,42,10000,linear,ovr,balanced,5.248074602497723
0.6809815950920245,469,31.81406593322754,True,42,10000,linear,ovr,balanced,2.1438776659735046
0.6687116564417178,473,24.437546253204346,True,42,10000,linear,ovr,balanced,16.842245750827036
0.13496932515337423,470,31.534261465072632,False,42,10000,linear,ovr,None,0.01434828518232588
0.13496932515337423,476,19.331921815872192,False,42,10000,linear,ovr,None,0.0013255618607198583
0.06134969325153374,472,40.79589653015137,True,42,10000,linear,ovr,balanced,0.0020398583002685625
0.2822085889570552,474,32.09986448287964,True,42,10000,linear,ovr,None,0.28840315031266056
0.13496932515337423,475,31.604154348373413,True,42,10000,linear,ovr,None,0.07979946872679765
0.656441717791411,479,25.364761352539062,True,42,10000,linear,ovr,None,460.0446663934779
0.656441717791411,478,30.38091802597046,False,42,10000,linear,ovr,balanced,37.01689610332344
0.6871165644171779,483,21.91580033302307,False,42,10000,linear,ovr,balanced,2.3420706947938235
0.049079754601226995,477,37.205713748931885,True,42,10000,linear,ovr,balanced,0.03197422303204927
0.25153374233128833,482,31.129122257232666,False,42,10000,linear,ovr,None,0.2684108083545228
0.13496932515337423,480,31.805624961853027,True,42,10000,linear,ovr,None,0.11303163247386966
0.03067484662576687,485,26.807696104049683,False,42,10000,linear,ovr,balanced,0.00454569193584924
0.656441717791411,484,32.22497582435608,False,42,10000,linear,ovr,None,89.1250938133744
0.06134969325153374,481,38.485984563827515,True,42,10000,linear,ovr,balanced,0.0210087396924099
0.6748466257668712,489,25.158721923828125,True,42,10000,linear,ovr,None,6.092562597496557
0.6871165644171779,491,20.995854139328003,False,42,10000,linear,ovr,balanced,5.5924228304089985
0.656441717791411,486,32.95485162734985,False,42,10000,linear,ovr,None,28.787238108352508
0.656441717791411,487,31.158071279525757,False,42,10000,linear,ovr,balanced,261.09586865859285
0.656441717791411,488,36.46709418296814,True,42,10000,linear,ovr,None,12.953883889748884
0.656441717791411,490,37.15442180633545,True,42,10000,linear,ovr,None,151.49559320403424
0.6809815950920245,495,25.529937028884888,True,42,10000,linear,ovr,balanced,9.506047936562808
0.6871165644171779,493,31.149776697158813,False,42,10000,linear,ovr,balanced,5.19039010197082
0.06134969325153374,492,37.09589385986328,False,42,10000,linear,ovr,balanced,0.0033357999666204815
0.13496932515337423,498,22.2801194190979,True,42,10000,linear,ovr,None,0.03101701499477688
0.08588957055214724,499,24.378458499908447,False,42,10000,linear,ovr,balanced,0.0013626991969948688
0.06134969325153374,494,38.392398834228516,True,42,10000,linear,ovr,balanced,0.00479071130003074
0.0736196319018405,496,38.92333245277405,False,42,10000,linear,ovr,balanced,0.09212977276685555
0.6809815950920245,497,37.426851987838745,True,42,10000,linear,ovr,balanced,1.408639946361255
0.13496932515337423,504,22.807764053344727,False,42,10000,linear,ovr,None,0.004349106072324534
0.6993865030674846,500,36.194767236709595,False,42,10000,linear,ovr,balanced,0.8425583753398256
0.2392638036809816,501,37.39806127548218,False,42,10000,linear,ovr,balanced,0.21047474886559753
0.6748466257668712,502,36.37137413024902,True,42,10000,linear,ovr,balanced,0.5899293451041436
0.06134969325153374,507,25.397196531295776,True,42,10000,linear,ovr,balanced,0.0026816370667607295
0.6809815950920245,508,23.10665726661682,True,42,10000,linear,ovr,balanced,10.129779687601005
0.13496932515337423,506,29.064422607421875,True,42,10000,linear,ovr,None,0.001806342083169977
0.06134969325153374,503,40.62610101699829,False,42,10000,linear,ovr,balanced,0.0011835864919618605
0.06134969325153374,505,39.24186658859253,False,42,10000,linear,ovr,balanced,0.0037359409225879996
0.6871165644171779,509,36.799174070358276,False,42,10000,linear,ovr,balanced,0.6867521061488179
0.06748466257668712,512,26.62512755393982,False,42,10000,linear,ovr,balanced,0.0021144625616525913
0.13496932515337423,511,32.61985468864441,True,42,10000,linear,ovr,None,0.04566673896495313
0.656441717791411,510,36.353209018707275,True,42,10000,linear,ovr,balanced,65.58431698067272
0.6871165644171779,517,20.05813455581665,False,42,10000,linear,ovr,balanced,2.509573963702835
0.6932515337423313,516,20.73393154144287,False,42,10000,linear,ovr,balanced,2.881376434839697
0.6932515337423313,513,36.35555934906006,False,42,10000,linear,ovr,balanced,1.0509934271862165
0.6625766871165644,515,31.88459086418152,False,42,10000,linear,ovr,None,10.884287379435929
0.06134969325153374,514,37.7748863697052,True,42,10000,linear,ovr,balanced,0.008325302067492421
0.656441717791411,518,32.47907543182373,False,42,10000,linear,ovr,None,938.4259312370167
0.6809815950920245,522,24.34155774116516,True,42,10000,linear,ovr,balanced,7.98730006111313
0.13496932515337423,526,20.928765058517456,True,42,10000,linear,ovr,None,0.011439314495393068
0.6809815950920245,525,22.383516311645508,True,42,10000,linear,ovr,balanced,8.511380382023757
0.06134969325153374,519,39.001696825027466,True,42,10000,linear,ovr,balanced,0.03837072454922786
0.656441717791411,520,36.1029326915741,True,42,10000,linear,ovr,balanced,46.81661397243642
0.6871165644171779,521,33.318355560302734,False,42,10000,linear,ovr,balanced,1.8013578646691397
0.4662576687116564,523,37.21833920478821,True,42,10000,linear,ovr,balanced,0.2625427318993697
0.0736196319018405,524,36.87636590003967,True,42,10000,linear,ovr,balanced,0.10577913224995009
0.6809815950920245,532,20.819064617156982,False,42,10000,linear,ovr,None,5.219152658354477
0.656441717791411,533,19.836510181427002,False,42,10000,linear,ovr,None,181.80256237742628
0.656441717791411,529,33.49525427818298,True,42,10000,linear,ovr,balanced,0.45248063785554815
0.06748466257668712,531,24.425756692886353,False,42,10000,linear,ovr,balanced,0.006748387308707573
0.6871165644171779,530,31.193456888198853,False,42,10000,linear,ovr,balanced,1.7474308552673214
0.07975460122699386,527,37.04656434059143,False,42,10000,linear,ovr,balanced,0.12212371301653077
0.06134969325153374,528,35.46385455131531,False,42,10000,linear,ovr,balanced,0.004817259035591629
0.656441717791411,534,33.31387209892273,False,42,10000,linear,ovr,None,45.91980128368685
0.656441717791411,536,32.45034956932068,False,42,10000,linear,ovr,balanced,121.11557629827324
0.13496932515337423,538,26.879502296447754,True,42,10000,linear,ovr,None,0.0019408858775927774
0.03067484662576687,535,36.27928280830383,False,42,10000,linear,ovr,balanced,0.0011868613846449192
0.2147239263803681,540,22.60679864883423,True,42,10000,linear,ovr,balanced,0.1975149622060758
0.07975460122699386,539,23.550076723098755,True,42,10000,linear,ovr,balanced,0.010529312128434392
0.6993865030674846,542,23.315611839294434,True,42,10000,linear,ovr,balanced,0.8685603503487761
0.6871165644171779,537,36.207371950149536,True,42,10000,linear,ovr,None,3.1045595881283523
0.6932515337423313,541,32.36049294471741,True,42,10000,linear,ovr,balanced,0.9944890371547918
0.6871165644171779,543,33.314576387405396,True,42,10000,linear,ovr,balanced,5.638972803349493
0.6871165644171779,545,33.59514856338501,True,42,10000,linear,ovr,balanced,6.899220098440467
0.06748466257668712,544,36.83509421348572,True,42,10000,linear,ovr,balanced,0.0012508349283740653
0.6932515337423313,550,20.62439727783203,False,42,10000,linear,ovr,balanced,4.361139713930643
0.656441717791411,551,23.377575397491455,True,42,10000,linear,ovr,None,26.940149410636664
0.13496932515337423,552,21.98302698135376,False,42,10000,linear,ovr,None,0.07105587633694735
0.13496932515337423,546,33.31575965881348,True,42,10000,linear,ovr,None,0.04273660314969303
0.6503067484662577,548,31.052271366119385,False,42,10000,linear,ovr,balanced,335.7376142429545
0.6809815950920245,549,32.88946318626404,False,42,10000,linear,ovr,balanced,2.097007578544646
0.05521472392638037,547,37.7901451587677,True,42,10000,linear,ovr,balanced,0.09871883010683956
0.6748466257668712,553,33.44508123397827,False,42,10000,linear,ovr,None,6.6742120385847645
0.656441717791411,558,23.146003007888794,True,42,10000,linear,ovr,None,16.842245750827036
0.656441717791411,555,31.83557391166687,False,42,10000,linear,ovr,balanced,997.2407117415478
0.656441717791411,559,21.10352396965027,False,42,10000,linear,ovr,balanced,516.6542425669496
0.05521472392638037,554,36.95556569099426,False,42,10000,linear,ovr,balanced,0.005592422830408999
0.6932515337423313,556,35.45798373222351,True,42,10000,linear,ovr,balanced,3.191537855100758
0.06134969325153374,560,26.3500235080719,True,42,10000,linear,ovr,balanced,0.06873849195903231
0.6809815950920245,557,38.43155288696289,True,42,10000,linear,ovr,balanced,8.749837752274354
0.6871165644171779,563,32.13288950920105,False,42,10000,linear,ovr,balanced,1.6039838825084167
0.50920245398773,562,35.33085298538208,True,42,10000,linear,ovr,balanced,0.28760736288630245
0.049079754601226995,561,36.67611885070801,True,42,10000,linear,ovr,balanced,0.024524490860720193
0.6871165644171779,566,23.543682098388672,True,42,10000,linear,ovr,balanced,10.884287379435929
0.656441717791411,565,31.252361536026,False,42,10000,linear,ovr,None,74.67925899308827
0.17791411042944785,568,24.682710886001587,False,42,10000,linear,ovr,balanced,0.1548816618912481
0.06748466257668712,564,37.98218560218811,False,42,10000,linear,ovr,balanced,0.00286549727636424
0.656441717791411,571,25.40686535835266,True,42,10000,linear,ovr,balanced,0.4984252094042594
0.656441717791411,569,30.606557607650757,False,42,10000,linear,ovr,None,291.6083798521228
0.656441717791411,570,29.9901704788208,False,42,10000,linear,ovr,None,39.44573020752777
0.06748466257668712,567,35.869553565979004,True,42,10000,linear,ovr,balanced,0.1043277881459965
0.6932515337423313,572,33.87256073951721,False,42,10000,linear,ovr,None,2.434445183692199
0.656441717791411,576,23.48423981666565,True,42,10000,linear,ovr,None,78.05486914662367
0.656441717791411,578,24.40407133102417,True,42,10000,linear,ovr,balanced,388.68698613730226
0.6993865030674846,574,32.42305660247803,False,42,10000,linear,ovr,balanced,0.9514807363517579
0.6687116564417178,573,33.838624000549316,True,42,10000,linear,ovr,None,8.325302067492414
0.656441717791411,575,34.70231580734253,True,42,10000,linear,ovr,None,60.70158063410442
0.656441717791411,580,26.082197427749634,True,42,10000,linear,ovr,None,502.5739801095905
0.6809815950920245,579,32.11192774772644,False,42,10000,linear,ovr,None,4.5331490614641154
0.06134969325153374,577,36.898765325546265,True,42,10000,linear,ovr,balanced,0.008534930716135487
0.13496932515337423,582,31.659958124160767,True,42,10000,linear,ovr,None,0.015289736466907098
0.656441717791411,583,31.638333082199097,False,42,10000,linear,ovr,balanced,95.4992586021435
0.6748466257668712,581,35.37800073623657,True,42,10000,linear,ovr,None,5.685910246988546
0.6932515337423313,585,23.592607498168945,True,42,10000,linear,ovr,balanced,0.9700631337839563
0.2392638036809816,586,23.11043882369995,True,42,10000,linear,ovr,None,0.25468302525850395
0.13496932515337423,584,35.43417501449585,True,42,10000,linear,ovr,None,0.004924929296050272
0.13496932515337423,590,24.176064014434814,False,42,10000,linear,ovr,None,0.024389337302789128
0.13496932515337423,587,34.001914978027344,True,42,10000,linear,ovr,None,0.026133645761890232
0.03067484662576687,588,38.09458899497986,False,42,10000,linear,ovr,balanced,0.06594775259494848
0.6687116564417178,589,36.697574853897095,True,42,10000,linear,ovr,None,8.143291852092442
0.656441717791411,596,21.383779287338257,False,42,10000,linear,ovr,None,88.63392873279328
0.656441717791411,591,36.68853807449341,True,42,10000,linear,ovr,None,12.531411749414154
0.43558282208588955,597,22.92185401916504,True,42,10000,linear,ovr,None,0.46644452520377927
0.2331288343558282,593,31.109883785247803,False,42,10000,linear,ovr,None,0.24165734514368278
0.1656441717791411,592,36.58766269683838,True,42,10000,linear,ovr,balanced,0.17060823890031224
0.049079754601226995,594,38.504313707351685,False,42,10000,linear,ovr,balanced,0.0010984998450583754
0.6748466257668712,595,37.05421304702759,True,42,10000,linear,ovr,balanced,14.151419329314274
0.656441717791411,599,25.800340175628662,True,42,10000,linear,ovr,None,23.270193788481617
0.06134969325153374,603,24.51839566230774,False,42,10000,linear,ovr,balanced,0.008165823713585922
0.656441717791411,605,21.892090559005737,False,42,10000,linear,ovr,balanced,61.71631684555837
0.656441717791411,600,35.18243432044983,True,42,10000,linear,ovr,None,408.50746766312426
0.06134969325153374,598,40.1654794216156,True,42,10000,linear,ovr,balanced,0.0018314708046613508
0.50920245398773,601,30.133023023605347,False,42,10000,linear,ovr,None,0.5754399373371566
0.6809815950920245,602,30.504926204681396,False,42,10000,linear,ovr,balanced,11.066237839776653
0.656441717791411,604,31.98783826828003,False,42,10000,linear,ovr,balanced,32.15140824832686
0.6932515337423313,606,31.424978256225586,False,42,10000,linear,ovr,balanced,2.6302679918953786
0.6871165644171779,610,25.5665020942688,True,42,10000,linear,ovr,balanced,1.8365383433483455
0.656441717791411,607,36.95569610595703,True,42,10000,linear,ovr,None,16.292960326397214
0.06134969325153374,611,24.022677898406982,False,42,10000,linear,ovr,balanced,0.012291361730601674
0.6748466257668712,612,23.462218046188354,True,42,10000,linear,ovr,balanced,0.6409143566447764
0.7055214723926381,608,36.72551965713501,True,42,10000,linear,ovr,None,1.2033722711826835
0.06134969325153374,609,38.62361431121826,True,42,10000,linear,ovr,balanced,0.008279421637123344
0.13496932515337423,613,30.72147226333618,False,42,10000,linear,ovr,None,0.006823386941416697
0.656441717791411,614,34.92827010154724,True,42,10000,linear,ovr,balanced,62.402214213897594
0.09202453987730061,615,35.728275299072266,True,42,10000,linear,ovr,balanced,0.12694044019618023
0.13496932515337423,619,23.15652370452881,False,42,10000,linear,ovr,None,0.011127561417305202
0.06748466257668712,616,37.91955828666687,False,42,10000,linear,ovr,balanced,0.012918140390030565
0.6809815950920245,621,20.893443822860718,False,42,10000,linear,ovr,balanced,10.046157902783946
0.6073619631901841,622,22.083143949508667,False,42,10000,linear,ovr,None,0.8218640803889046
0.656441717791411,618,35.15250611305237,True,42,10000,linear,ovr,balanced,122.80046179887881
0.03067484662576687,617,38.03946018218994,True,42,10000,linear,ovr,balanced,0.003872576449216173
0.05521472392638037,620,40.23935556411743,False,42,10000,linear,ovr,balanced,0.08986694950475257
0.6809815950920245,624,32.929078578948975,False,42,10000,linear,ovr,balanced,7.68422371100026
0.13496932515337423,628,22.199835538864136,True,42,10000,linear,ovr,None,0.00656447501951699
0.08588957055214724,623,39.31709909439087,False,42,10000,linear,ovr,balanced,0.14060475241299128
0.656441717791411,630,22.970991373062134,True,42,10000,linear,ovr,balanced,709.9046158552865
0.13496932515337423,625,33.9133243560791,True,42,10000,linear,ovr,None,0.014269212315793638
0.656441717791411,631,21.30052423477173,False,42,10000,linear,ovr,None,134.1528798266124
0.656441717791411,627,32.165550231933594,False,42,10000,linear,ovr,None,53.30893422367013
0.06134969325153374,626,39.35891819000244,False,42,10000,linear,ovr,balanced,0.01615846120949
0.6932515337423313,629,36.917086362838745,True,42,10000,linear,ovr,balanced,1.0539014450691595
0.09202453987730061,632,37.38853883743286,True,42,10000,linear,ovr,balanced,0.13944405388714595
0.6687116564417178,633,36.12514519691467,True,42,10000,linear,ovr,None,8.487895030072437
0.6809815950920245,636,24.858285665512085,True,42,10000,linear,ovr,None,3.9482077803788234
0.13496932515337423,640,20.538714170455933,True,42,10000,linear,ovr,None,0.004938556196176077
0.656441717791411,638,22.654053449630737,True,42,10000,linear,ovr,None,750.2396279074629
0.13496932515337423,635,31.904022932052612,False,42,10000,linear,ovr,None,0.006350384185040406
0.656441717791411,634,38.138327836990356,True,42,10000,linear,ovr,balanced,37.11931900441399
0.13496932515337423,639,32.5349063873291,True,42,10000,linear,ovr,None,0.01702942561877548
0.018404907975460124,637,38.56975221633911,True,42,10000,linear,ovr,balanced,0.011096857267741242
0.656441717791411,641,36.368815660476685,True,42,10000,linear,ovr,balanced,393.00674134185266
0.13496932515337423,646,22.36422634124756,True,42,10000,linear,ovr,None,0.07324871326650395
0.656441717791411,648,19.906963109970093,False,42,10000,linear,ovr,balanced,609.817663998785
0.656441717791411,647,23.532875299453735,True,42,10000,linear,ovr,balanced,350.91343835855207
0.13496932515337423,644,29.23551368713379,True,42,10000,linear,ovr,None,0.023399145610550995
0.656441717791411,645,29.14733386039734,False,42,10000,linear,ovr,balanced,30.171715226017692
0.6932515337423313,643,35.22860550880432,True,42,10000,linear,ovr,balanced,3.604126286491432
0.06134969325153374,642,37.310067892074585,True,42,10000,linear,ovr,balanced,0.002537464645864964
0.656441717791411,649,32.829570293426514,False,42,10000,linear,ovr,None,91.3692373681454
0.15337423312883436,651,31.146064043045044,False,42,10000,linear,ovr,None,0.1461503972006163
0.6625766871165644,650,34.19084930419922,True,42,10000,linear,ovr,None,11.251229929657658
0.656441717791411,655,22.19072961807251,True,42,10000,linear,ovr,None,94.44957325077048
0.06134969325153374,654,24.246211528778076,True,42,10000,linear,ovr,balanced,0.014628506869998528
0.6871165644171779,656,24.378278255462646,True,42,10000,linear,ovr,balanced,1.268235775555588
0.656441717791411,652,34.432785749435425,True,42,10000,linear,ovr,None,121.11557629827324
0.6932515337423313,653,30.844979524612427,False,42,10000,linear,ovr,None,1.8314708046613508
0.5030674846625767,659,30.80879282951355,False,42,10000,linear,ovr,None,0.5566727981509474
0.13496932515337423,658,30.863214254379272,False,42,10000,linear,ovr,None,0.035026762691381275
0.06748466257668712,657,37.09613513946533,False,42,10000,linear,ovr,balanced,0.018146797793969282
0.6932515337423313,664,21.26297378540039,False,42,10000,linear,ovr,balanced,4.470951924630435
0.4785276073619632,660,39.7150616645813,False,42,10000,linear,ovr,balanced,0.27441004182565704
0.6073619631901841,665,23.628650188446045,True,42,10000,linear,ovr,None,0.7798301105232585
0.13496932515337423,661,32.73088002204895,True,42,10000,linear,ovr,None,0.011923396878859658
0.6932515337423313,666,25.063441038131714,True,42,10000,linear,ovr,None,2.5656652970348666
0.656441717791411,662,34.95535206794739,True,42,10000,linear,ovr,None,221.8196419800215
0.6196319018404908,663,35.13520932197571,False,42,10000,linear,ovr,balanced,0.41304750199016105
0.13496932515337423,672,19.196655988693237,True,42,10000,linear,ovr,None,0.0013402937734183103
0.656441717791411,667,34.57873749732971,True,42,10000,linear,ovr,None,625.1726927756849
0.018404907975460124,668,36.62754416465759,False,42,10000,linear,ovr,balanced,0.08598050666611742
0.656441717791411,669,31.005120992660522,False,42,10000,linear,ovr,None,55.87274389940194
0.6871165644171779,670,32.23773694038391,False,42,10000,linear,ovr,None,3.6341261606422264
0.6871165644171779,674,22.926256895065308,False,42,10000,linear,ovr,balanced,5.410034068634673
0.20245398773006135,676,23.15597939491272,False,42,10000,linear,ovr,None,0.21047474886559753
0.06134969325153374,671,38.92481184005737,True,42,10000,linear,ovr,balanced,0.004483322704327332
0.6748466257668712,675,31.327393531799316,False,42,10000,linear,ovr,None,5.485295139412029
0.15337423312883436,673,39.63354206085205,False,42,10000,linear,ovr,balanced,0.1614358556826485
0.656441717791411,679,22.267316579818726,False,42,10000,linear,ovr,None,430.5266104917101
0.39263803680981596,678,32.415932416915894,False,42,10000,linear,ovr,None,0.4317178444709226
0.6871165644171779,677,35.9599130153656,True,42,10000,linear,ovr,balanced,6.8422667276595055
0.656441717791411,684,22.507831811904907,False,42,10000,linear,ovr,balanced,38.476893389378795
0.38650306748466257,680,32.31050705909729,False,42,10000,linear,ovr,None,0.42579445358259665
0.6809815950920245,685,22.331931114196777,False,42,10000,linear,ovr,balanced,7.943282347242806
0.6625766871165644,681,36.926607847213745,True,42,10000,linear,ovr,balanced,17.99699516577355
0.049079754601226995,682,39.270506381988525,True,42,10000,linear,ovr,balanced,0.015374464569916873
0.06134969325153374,683,39.42548942565918,True,42,10000,linear,ovr,balanced,0.0039591321672816605
0.656441717791411,689,22.19422721862793,False,42,10000,linear,ovr,None,142.1673931308001
0.6993865030674846,686,34.081592082977295,False,42,10000,linear,ovr,balanced,0.8519223264285465
0.2392638036809816,692,25.82310914993286,True,42,10000,linear,ovr,balanced,0.20361042011319685
0.049079754601226995,687,38.73758339881897,True,42,10000,linear,ovr,balanced,0.006692679069358421
0.13496932515337423,694,22.147428512573242,False,42,10000,linear,ovr,None,0.011096857267741242
0.6871165644171779,688,38.533695697784424,True,42,10000,linear,ovr,None,3.674514791999395
0.6809815950920245,691,35.66050457954407,True,42,10000,linear,ovr,balanced,9.24698173938222
0.06134969325153374,690,38.60756492614746,False,42,10000,linear,ovr,balanced,0.10461645510220069
0.656441717791411,693,36.07296538352966,True,42,10000,linear,ovr,balanced,364.7539469256073
0.656441717791411,698,24.641157388687134,True,42,10000,linear,ovr,None,37.53185242379138
0.6687116564417178,696,31.877567768096924,False,42,10000,linear,ovr,None,9.826525828295306
0.6687116564417178,695,36.41653108596802,True,42,10000,linear,ovr,None,8.441118555927678
0.656441717791411,700,21.522814989089966,False,42,10000,linear,ovr,None,69.69473963563196
0.13496932515337423,702,21.92043399810791,False,42,10000,linear,ovr,None,0.010500258721108841
0.3619631901840491,697,40.183534383773804,False,42,10000,linear,ovr,balanced,0.21697015538008516
0.7116564417177914,699,36.4430627822876,True,42,10000,linear,ovr,None,1.4521116175877422
0.31901840490797545,701,32.02684450149536,False,42,10000,linear,ovr,None,0.3221068791283431
0.13496932515337423,707,21.605600118637085,False,42,10000,linear,ovr,None,0.004979663541644856
0.656441717791411,703,33.64220714569092,False,42,10000,linear,ovr,balanced,66.49668571246755
0.6503067484662577,705,31.968311071395874,False,42,10000,linear,ovr,None,0.9972407117415488
0.6748466257668712,710,21.96841025352478,False,42,10000,linear,ovr,None,7.033961712162465
0.656441717791411,704,35.24632167816162,True,42,10000,linear,ovr,balanced,49.613515358556924
0.656441717791411,711,24.64469337463379,True,42,10000,linear,ovr,None,74.2677043714696
0.6932515337423313,706,36.338417053222656,True,42,10000,linear,ovr,None,2.7951170539918424
0.13496932515337423,708,34.25116562843323,True,42,10000,linear,ovr,None,0.0397740669105028
0.6809815950920245,709,38.05077600479126,True,42,10000,linear,ovr,balanced,1.9678862897068432
0.656441717791411,715,24.83113384246826,True,42,10000,linear,ovr,balanced,165.50076287699895
0.6503067484662577,712,34.82435369491577,False,42,10000,linear,ovr,None,0.999999999999999
0.6809815950920245,714,32.97873401641846,False,42,10000,linear,ovr,balanced,10.705328538333607
0.656441717791411,718,24.898035287857056,True,42,10000,linear,ovr,None,731.8127976744554
0.13496932515337423,720,23.043394088745117,False,42,10000,linear,ovr,None,0.021537733556621756
0.09815950920245399,713,39.01216673851013,False,42,10000,linear,ovr,balanced,0.11428783347897713
0.1165644171779141,716,40.58188080787659,True,42,10000,linear,ovr,balanced,0.002834001005509096
0.6932515337423313,717,37.99848198890686,True,42,10000,linear,ovr,None,2.3485510240588803
0.06134969325153374,719,39.61439085006714,True,42,10000,linear,ovr,balanced,0.0046859753530862575
0.06134969325153374,724,25.75833487510681,False,42,10000,linear,ovr,balanced,0.0026595000327215173
0.656441717791411,721,37.51455736160278,True,42,10000,linear,ovr,balanced,37.53185242379138
0.6932515337423313,722,35.21502494812012,False,42,10000,linear,ovr,balanced,0.9972407117415488
0.656441717791411,728,21.058271884918213,False,42,10000,linear,ovr,balanced,346.0987254853521
0.656441717791411,727,23.851646661758423,True,42,10000,linear,ovr,None,394.09416073228505
0.656441717791411,725,32.46258759498596,False,42,10000,linear,ovr,balanced,640.914356644775
0.049079754601226995,723,38.831056356430054,False,42,10000,linear,ovr,balanced,0.053456435939697136
0.6809815950920245,726,33.1864550113678,False,42,10000,linear,ovr,balanced,1.416445927238513
0.13496932515337423,729,28.164695024490356,True,42,10000,linear,ovr,None,0.0020682355559317645
0.13496932515337423,733,21.60167384147644,False,42,10000,linear,ovr,None,0.006937452139421228
0.13496932515337423,730,34.91195368766785,True,42,10000,linear,ovr,None,0.011127561417305202
0.6809815950920245,737,21.868268728256226,False,42,10000,linear,ovr,balanced,1.3740419750125148
0.656441717791411,731,36.51991057395935,True,42,10000,linear,ovr,balanced,19.824397628726373
0.018404907975460124,736,25.024190425872803,False,42,10000,linear,ovr,balanced,0.04180228289540323
0.656441717791411,734,31.27447485923767,False,42,10000,linear,ovr,None,1.02235093850323
0.656441717791411,732,35.52797794342041,True,42,10000,linear,ovr,balanced,293.2243282303109
0.22699386503067484,735,33.77888631820679,True,42,10000,linear,ovr,None,0.2383416820673152
0.13496932515337423,739,29.48207139968872,True,42,10000,linear,ovr,None,0.0046730453963150995
0.656441717791411,738,30.564003705978394,False,42,10000,linear,ovr,None,57.27960309858292
0.656441717791411,742,21.675014972686768,False,42,10000,linear,ovr,None,185.8660202688538
0.2392638036809816,740,32.73579502105713,False,42,10000,linear,ovr,None,0.2589405105739233
0.13496932515337423,741,32.21347236633301,True,42,10000,linear,ovr,None,0.06540335094488947
0.0736196319018405,744,25.439775943756104,False,42,10000,linear,ovr,balanced,0.07783949326267256
0.656441717791411,746,23.605050563812256,True,42,10000,linear,ovr,None,26.20595554733343
0.656441717791411,747,29.359484434127808,False,42,10000,linear,ovr,None,81.58306174490076
0.13496932515337423,745,31.948010683059692,True,42,10000,linear,ovr,None,0.05465123745198718
0.06748466257668712,743,38.19731092453003,False,42,10000,linear,ovr,balanced,0.08433347577642752
0.6871165644171779,748,33.701797008514404,True,42,10000,linear,ovr,balanced,6.160273583272372
0.07975460122699386,752,25.18745446205139,True,42,10000,linear,ovr,balanced,0.12212371301653077
0.13496932515337423,750,28.67847228050232,True,42,10000,linear,ovr,None,0.005321082592667942
0.6932515337423313,749,33.932390213012695,True,42,10000,linear,ovr,balanced,3.830010812264483
0.13496932515337423,751,31.421096563339233,False,42,10000,linear,ovr,None,0.020777820975042657
0.13496932515337423,755,18.678213119506836,False,42,10000,linear,ovr,None,0.0011641260294104909
0.6134969325153374,754,33.42445993423462,False,42,10000,linear,ovr,None,0.8448896694845202
0.06134969325153374,756,25.927536249160767,False,42,10000,linear,ovr,balanced,0.02716439268839082
0.656441717791411,753,36.960041761398315,True,42,10000,linear,ovr,balanced,60.36705647858439
0.03067484662576687,761,25.0629301071167,False,42,10000,linear,ovr,balanced,0.004583529174381888
0.5950920245398773,757,33.757102489471436,True,42,10000,linear,ovr,None,0.7440463661919196
0.7055214723926381,758,34.721917390823364,True,42,10000,linear,ovr,None,1.5135612484362073
0.656441717791411,760,29.267049074172974,False,42,10000,linear,ovr,balanced,153.6031068385027
0.012269938650306749,765,25.875169038772583,False,42,10000,linear,ovr,balanced,0.0014086399463612564
0.06134969325153374,759,35.68862581253052,True,42,10000,linear,ovr,balanced,0.019284127756394258
0.656441717791411,764,29.49704074859619,False,42,10000,linear,ovr,balanced,294.8492313894366
0.7116564417177914,763,31.69306516647339,True,42,10000,linear,ovr,None,1.3073744701631314
0.06134969325153374,762,34.067726850509644,True,42,10000,linear,ovr,balanced,0.0011545161169214297
0.6687116564417178,767,25.831804752349854,True,42,10000,linear,ovr,None,9.453660459579641
0.13496932515337423,769,22.8804988861084,False,42,10000,linear,ovr,None,0.08226213938831096
0.36809815950920244,768,34.11783790588379,False,42,10000,linear,ovr,None,0.37705091583339256
0.06134969325153374,766,38.84754252433777,False,42,10000,linear,ovr,balanced,0.00477749234659094
0.13496932515337423,771,25.613516807556152,True,42,10000,linear,ovr,None,0.0011324003632355564
0.6687116564417178,773,24.92007875442505,True,42,10000,linear,ovr,None,8.46447448097699
0.13496932515337423,770,30.821226119995117,False,42,10000,linear,ovr,None,0.004397440784473689
0.656441717791411,775,29.414938926696777,False,42,10000,linear,ovr,balanced,84.33347577642739
0.6748466257668712,778,25.52930188179016,True,42,10000,linear,ovr,None,6.937452139421228
0.6871165644171779,774,30.38086175918579,False,42,10000,linear,ovr,balanced,1.6398344276265362
0.049079754601226995,772,35.90839672088623,False,42,10000,linear,ovr,balanced,0.036408266378940075
0.656441717791411,776,35.66022729873657,True,42,10000,linear,ovr,None,83.40651974086626
0.656441717791411,779,21.890698671340942,False,42,10000,linear,ovr,None,56.0273394793796
0.656441717791411,777,36.35697865486145,True,42,10000,linear,ovr,None,515.2286445817562
0.049079754601226995,783,26.895864963531494,True,42,10000,linear,ovr,balanced,0.0013778438433514524
0.6625766871165644,780,35.44527888298035,False,42,10000,linear,ovr,balanced,0.5209547473285548
0.656441717791411,781,35.38429021835327,True,42,10000,linear,ovr,balanced,30.931430109489572
0.13496932515337423,782,32.09538650512695,False,42,10000,linear,ovr,None,0.00453314906146412
0.06748466257668712,786,25.994852304458618,True,42,10000,linear,ovr,balanced,0.08693606925094159
0.13496932515337423,784,32.98471641540527,True,42,10000,linear,ovr,None,0.053456435939697136
0.5398773006134969,790,24.731199264526367,False,42,10000,linear,ovr,balanced,0.3090295432513589
0.13496932515337423,787,33.42217135429382,False,42,10000,linear,ovr,None,0.04655860935229589
0.6871165644171779,788,32.726495027542114,False,42,10000,linear,ovr,balanced,3.400948065121906
0.049079754601226995,785,38.69161295890808,False,42,10000,linear,ovr,balanced,0.0010394413751488006
0.13496932515337423,789,34.009450912475586,True,42,10000,linear,ovr,None,0.011005252214205416
0.06748466257668712,792,26.83760643005371,False,42,10000,linear,ovr,balanced,0.06835967668381043
0.13496932515337423,796,22.564744234085083,True,42,10000,linear,ovr,None,0.020267491520989656
0.06134969325153374,791,41.33253264427185,False,42,10000,linear,ovr,balanced,0.04934009711879577
0.6748466257668712,798,21.81537628173828,False,42,10000,linear,ovr,balanced,13.652116950664439
0.26993865030674846,794,31.804266214370728,True,42,10000,linear,ovr,None,0.27516931328087907
0.656441717791411,793,34.56410789489746,True,42,10000,linear,ovr,balanced,799.4660025203145
0.3558282208588957,795,32.85388541221619,False,42,10000,linear,ovr,None,0.35875668303926145
0.656441717791411,797,36.75190019607544,True,42,10000,linear,ovr,balanced,367.79007042238624
0.656441717791411,800,31.6116304397583,False,42,10000,linear,ovr,balanced,321.2180933987979
0.6932515337423313,799,34.509440660476685,False,42,10000,linear,ovr,balanced,0.9890084450210648
0.06748466257668712,803,25.442630767822266,False,42,10000,linear,ovr,balanced,0.022761453931416438
0.4049079754601227,801,34.226951360702515,False,42,10000,linear,ovr,None,0.44258837236262644
0.656441717791411,804,23.992919921875,True,42,10000,linear,ovr,None,72.64404185924751
0.13496932515337423,806,22.162824153900146,False,42,10000,linear,ovr,None,0.014791083881682071
0.13496932515337423,802,35.40872669219971,True,42,10000,linear,ovr,None,0.035026762691381275
0.656441717791411,808,29.401543617248535,False,42,10000,linear,ovr,balanced,497.0499105762346
0.7055214723926381,805,36.93624949455261,True,42,10000,linear,ovr,None,1.4763862777538612
0.6871165644171779,807,34.538222789764404,True,42,10000,linear,ovr,balanced,1.509384896654952
0.08588957055214724,809,38.87528991699219,True,42,10000,linear,ovr,balanced,0.01403459872921176
0.656441717791411,815,22.90909218788147,True,42,10000,linear,ovr,balanced,115.23913771994854
0.03067484662576687,813,24.801345586776733,True,42,10000,linear,ovr,balanced,0.01106623783977666
0.13496932515337423,816,20.995667457580566,True,42,10000,linear,ovr,None,0.13905928754654445
0.13496932515337423,811,31.248108863830566,True,42,10000,linear,ovr,None,0.005204751511705226
0.6932515337423313,810,36.350871562957764,True,42,10000,linear,ovr,balanced,2.7114400086883093
0.6932515337423313,812,38.760987281799316,True,42,10000,linear,ovr,None,2.572764295346777
0.656441717791411,814,37.844436168670654,True,42,10000,linear,ovr,balanced,453.7326169379409
0.06134969325153374,817,40.422402143478394,False,42,10000,linear,ovr,balanced,0.015247547676599155
0.656441717791411,824,21.841491222381592,True,42,10000,linear,ovr,balanced,526.7444883319056
0.656441717791411,819,32.02660918235779,False,42,10000,linear,ovr,balanced,792.8663748785468
0.018404907975460124,822,23.19914221763611,True,42,10000,linear,ovr,balanced,0.0036140986263961316
0.06748466257668712,823,23.116445541381836,True,42,10000,linear,ovr,balanced,0.042383810577434976
0.656441717791411,818,35.68678116798401,True,42,10000,linear,ovr,None,114.60405911366018
0.13496932515337423,821,29.847729921340942,True,42,10000,linear,ovr,None,0.0021144625616525913
0.06134969325153374,820,39.21906661987305,True,42,10000,linear,ovr,balanced,0.021597326806893934
0.06134969325153374,825,39.338500022888184,True,42,10000,linear,ovr,balanced,0.053308934223670126
0.6871165644171779,826,36.90036654472351,True,42,10000,linear,ovr,balanced,0.7755324957585902
0.6073619631901841,830,22.531686782836914,True,42,10000,linear,ovr,balanced,0.3833540007590437
0.656441717791411,832,22.65808606147766,True,42,10000,linear,ovr,None,100.09214583192957
0.5030674846625767,827,34.60998582839966,False,42,10000,linear,ovr,None,0.5597576014951099
0.2085889570552147,833,23.592636823654175,False,42,10000,linear,ovr,balanced,0.17013748158991973
0.13496932515337423,829,27.889286279678345,True,42,10000,linear,ovr,None,0.0011481536214968829
0.7116564417177914,828,38.35637021064758,True,42,10000,linear,ovr,None,1.3589391171007998
0.6809815950920245,831,33.37238383293152,False,42,10000,linear,ovr,balanced,9.094943385552947
0.6809815950920245,834,33.46092104911804,False,42,10000,linear,ovr,balanced,2.2782427662500795
0.656441717791411,835,37.13250398635864,True,42,10000,linear,ovr,balanced,64.86344335482374
0.6809815950920245,836,34.732202768325806,False,42,10000,linear,ovr,balanced,1.3664696807404642
0.6871165644171779,842,20.872642517089844,False,42,10000,linear,ovr,balanced,1.8113400926196006
0.06748466257668712,839,22.799431085586548,True,42,10000,linear,ovr,balanced,0.008749837752274364
0.1411042944785276,840,24.22564458847046,False,42,10000,linear,ovr,balanced,0.15747078772898465
0.656441717791411,837,32.70650243759155,False,42,10000,linear,ovr,None,28.157882997103055
0.656441717791411,838,36.9200713634491,True,42,10000,linear,ovr,None,72.24370324363551
0.13496932515337423,841,33.99750232696533,False,42,10000,linear,ovr,None,0.008653663429563477
0.049079754601226995,843,38.21139621734619,False,42,10000,linear,ovr,balanced,0.026940149410636677
0.13496932515337423,844,33.610804080963135,True,42,10000,linear,ovr,None,0.07385841781207966
0.656441717791411,850,19.782801151275635,False,42,10000,linear,ovr,None,21.359938601897916
0.6809815950920245,849,20.585832834243774,False,42,10000,linear,ovr,balanced,10.018437657240257
0.3558282208588957,845,34.36755013465881,False,42,10000,linear,ovr,None,0.3647539469256077
0.3374233128834356,846,38.10281276702881,False,42,10000,linear,ovr,balanced,0.21517905703397527
0.10429447852760736,851,26.489328384399414,False,42,10000,linear,ovr,balanced,0.008188417919005117
0.13496932515337423,848,33.02913689613342,False,42,10000,linear,ovr,None,0.07008095316467933
0.656441717791411,847,35.43121886253357,True,42,10000,linear,ovr,balanced,19.390990786148468
0.13496932515337423,852,34.37319254875183,False,42,10000,linear,ovr,None,0.10636530750764375
0.6809815950920245,857,21.100799798965454,False,42,10000,linear,ovr,None,5.262595620803177
0.13496932515337423,858,22.11355447769165,True,42,10000,linear,ovr,None,0.01615846120949
0.13496932515337423,854,33.01780080795288,True,42,10000,linear,ovr,None,0.009145343031204598
0.656441717791411,853,35.36290502548218,True,42,10000,linear,ovr,None,447.50717204765516
0.13496932515337423,856,33.46203327178955,True,42,10000,linear,ovr,None,0.02141903990722123
0.656441717791411,861,25.584712028503418,True,42,10000,linear,ovr,balanced,109.34526967309182
0.4662576687116564,855,37.40938925743103,False,42,10000,linear,ovr,balanced,0.2669316063624287
0.6809815950920245,859,33.916083335876465,False,42,10000,linear,ovr,balanced,8.582227050540146
0.13496932515337423,860,32.44001841545105,True,42,10000,linear,ovr,None,0.00715154704659282
0.656441717791411,865,21.191412687301636,False,42,10000,linear,ovr,balanced,371.8775833249351
0.656441717791411,866,24.81256890296936,True,42,10000,linear,ovr,None,153.17927158934143
0.6932515337423313,863,34.08255624771118,True,42,10000,linear,ovr,balanced,1.0423174293933035
0.656441717791411,862,36.2819766998291,True,42,10000,linear,ovr,balanced,42.50108331760462
0.6809815950920245,864,33.44062113761902,False,42,10000,linear,ovr,balanced,1.3589391171007998
0.13496932515337423,870,23.057519912719727,False,42,10000,linear,ovr,None,0.005959365192559373
0.13496932515337423,867,33.34629416465759,False,42,10000,linear,ovr,None,0.00759976214361037
0.6871165644171779,868,35.13517785072327,True,42,10000,linear,ovr,balanced,0.9781377043229854
0.656441717791411,869,32.17431163787842,False,42,10000,linear,ovr,balanced,146.96028989796486
0.07975460122699386,874,25.224895238876343,False,42,10000,linear,ovr,balanced,0.1382929369795943
0.656441717791411,872,31.87857484817505,False,42,10000,linear,ovr,balanced,90.11560443397038
0.656441717791411,871,36.54685187339783,True,42,10000,linear,ovr,balanced,668.0362046792462
0.5766871165644172,875,25.56564497947693,False,42,10000,linear,ovr,balanced,0.33946890538007823
0.13496932515337423,876,30.400137424468994,False,42,10000,linear,ovr,None,0.00755788013680452
0.32515337423312884,873,37.74897861480713,True,42,10000,linear,ovr,balanced,0.2312064790175594
0.656441717791411,877,31.97469139099121,False,42,10000,linear,ovr,balanced,31.622776601683796
0.13496932515337423,879,23.80213165283203,True,42,10000,linear,ovr,None,0.11056050150387027
0.6871165644171779,878,37.88501858711243,True,42,10000,linear,ovr,None,2.881376434839697
0.06134969325153374,883,24.98498225212097,True,42,10000,linear,ovr,balanced,0.006025595860743574
0.656441717791411,881,31.6470468044281,False,42,10000,linear,ovr,None,673.5967762229418
0.5337423312883436,882,32.110602140426636,False,42,10000,linear,ovr,None,0.6409143566447764
0.32515337423312884,880,38.17227625846863,False,42,10000,linear,ovr,balanced,0.21105711628843457
0.6809815950920245,886,25.262857913970947,True,42,10000,linear,ovr,balanced,2.2532013356294827
0.6932515337423313,884,34.52017378807068,False,42,10000,linear,ovr,balanced,1.2268741046383391
0.6932515337423313,885,35.21665668487549,False,42,10000,linear,ovr,balanced,1.247383514242942
0.06134969325153374,890,26.90477705001831,False,42,10000,linear,ovr,balanced,0.014190575216890919
0.19631901840490798,887,33.5020592212677,True,42,10000,linear,ovr,None,0.1894959794743547
0.15337423312883436,889,34.17748284339905,False,42,10000,linear,ovr,None,0.14900471117870992
0.6748466257668712,892,24.472527980804443,True,42,10000,linear,ovr,None,6.228737089440282
0.06134969325153374,888,39.1824836730957,False,42,10000,linear,ovr,balanced,0.03620762177566731
0.26993865030674846,896,22.911414623260498,False,42,10000,linear,ovr,None,0.27441004182565704
0.13496932515337423,891,32.99122714996338,True,42,10000,linear,ovr,None,0.008325302067492421
0.6932515337423313,894,32.38682317733765,False,42,10000,linear,ovr,None,2.3485510240588803
0.13496932515337423,899,20.915635108947754,False,42,10000,linear,ovr,None,0.00210280983703774
0.06134969325153374,893,38.50249099731445,False,42,10000,linear,ovr,balanced,0.06292163512879856
0.6871165644171779,895,37.373884201049805,True,42,10000,linear,ovr,balanced,1.8213776371047783
0.6809815950920245,897,34.205199003219604,False,42,10000,linear,ovr,balanced,2.2532013356294827
0.6073619631901841,902,23.526602506637573,True,42,10000,linear,ovr,None,0.8061205638638904
0.6748466257668712,904,22.124674320220947,False,42,10000,linear,ovr,balanced,14.709570767969748
0.6748466257668712,898,37.12236452102661,True,42,10000,linear,ovr,balanced,0.6031148196178171
0.6809815950920245,901,31.897690534591675,False,42,10000,linear,ovr,None,1.1418261895482222
0.6871165644171779,900,34.492159366607666,True,42,10000,linear,ovr,balanced,1.7474308552673214
0.6871165644171779,907,25.077253580093384,True,42,10000,linear,ovr,balanced,0.7399459543127236
0.6932515337423313,903,37.019004821777344,True,42,10000,linear,ovr,None,2.441181106054887
0.6871165644171779,905,36.70256495475769,True,42,10000,linear,ovr,balanced,1.757114246595093
0.13496932515337423,906,33.44141435623169,False,42,10000,linear,ovr,None,0.027925438412373375
0.656441717791411,908,31.569706201553345,False,42,10000,linear,ovr,balanced,300.6076302628229
0.049079754601226995,911,24.500760555267334,True,42,10000,linear,ovr,balanced,0.004070052394402335
0.13496932515337423,912,22.52554225921631,False,42,10000,linear,ovr,None,0.05086276903064366
0.6809815950920245,909,32.84100842475891,False,42,10000,linear,ovr,balanced,9.479818010107175
0.656441717791411,910,32.305948972702026,False,42,10000,linear,ovr,balanced,96.02846792093796
0.13496932515337423,914,32.372679233551025,False,42,10000,linear,ovr,None,0.016383247796286388
0.656441717791411,916,25.32467269897461,True,42,10000,linear,ovr,None,20.32357010936221
0.656441717791411,915,33.57635259628296,True,42,10000,linear,ovr,balanced,115.5579955402127
0.656441717791411,913,35.11820411682129,True,42,10000,linear,ovr,balanced,31.017014994776897
0.656441717791411,921,20.867881059646606,False,42,10000,linear,ovr,balanced,38.904514499428046
0.656441717791411,922,21.761264324188232,False,42,10000,linear,ovr,balanced,167.80310782909532
0.6809815950920245,917,33.30456066131592,False,42,10000,linear,ovr,None,4.277598314820375
0.656441717791411,919,31.798039197921753,False,42,10000,linear,ovr,None,474.24198526024384
0.656441717791411,918,35.29036593437195,True,42,10000,linear,ovr,None,31.102836686851422
0.656441717791411,923,31.824676752090454,False,42,10000,linear,ovr,None,19.230917289101576
0.06134969325153374,920,36.952380418777466,True,42,10000,linear,ovr,balanced,0.003299134337888642
0.656441717791411,924,31.646852016448975,False,42,10000,linear,ovr,None,700.1643593729735
0.13496932515337423,926,23.005302667617798,False,42,10000,linear,ovr,None,0.013995873225726178
0.656441717791411,929,20.92422080039978,False,42,10000,linear,ovr,None,25.562304271125427
0.13496932515337423,928,29.918745517730713,True,42,10000,linear,ovr,None,0.0019089739411235064
0.13496932515337423,930,23.56758999824524,True,42,10000,linear,ovr,None,0.022824433121735026
0.13496932515337423,925,35.25975179672241,True,42,10000,linear,ovr,None,0.07184557087925965
0.17791411042944785,927,38.97765350341797,True,42,10000,linear,ovr,balanced,0.1894959794743547
0.13496932515337423,937,22.41480016708374,True,42,10000,linear,ovr,None,0.008511380382023759
0.656441717791411,931,36.64472532272339,True,42,10000,linear,ovr,balanced,51.71303179169624
0.13496932515337423,933,31.037572622299194,False,42,10000,linear,ovr,None,0.005262595620803182
0.2822085889570552,938,22.14459204673767,False,42,10000,linear,ovr,None,0.28760736288630245
0.6871165644171779,934,31.684309720993042,False,42,10000,linear,ovr,None,1.1641260294104907
0.06134969325153374,932,36.700159549713135,True,42,10000,linear,ovr,balanced,0.023790304458806238
0.656441717791411,936,30.728581190109253,False,42,10000,linear,ovr,balanced,466.4445252037788
0.24539877300613497,935,36.89402937889099,True,42,10000,linear,ovr,balanced,0.1843316879505753
0.06134969325153374,940,26.92233657836914,True,42,10000,linear,ovr,balanced,0.0504428945952414
0.4049079754601227,939,36.02461123466492,False,42,10000,linear,ovr,None,0.4438129803081385
0.13496932515337423,943,23.407464742660522,False,42,10000,linear,ovr,None,0.024456820721043725
0.3312883435582822,941,35.54852294921875,False,42,10000,linear,ovr,None,0.3293062701752084
0.13496932515337423,946,21.50335717201233,False,42,10000,linear,ovr,None,0.03033891184194269
0.018404907975460124,942,37.63865256309509,False,42,10000,linear,ovr,balanced,0.00471194269420276
0.13496932515337423,949,26.35717749595642,True,42,10000,linear,ovr,None,0.001898453656661504
0.06748466257668712,944,33.98357439041138,True,42,10000,linear,ovr,balanced,0.10784499632938316
0.656441717791411,947,28.682706832885742,False,42,10000,linear,ovr,None,24.59234823846229
0.656441717791411,945,31.71660089492798,True,42,10000,linear,ovr,None,705.9923578936667
0.13496932515337423,948,29.298096418380737,True,42,10000,linear,ovr,None,0.008211074640850875
0.13496932515337423,951,24.09812641143799,False,42,10000,linear,ovr,None,0.06036705647858449
0.13496932515337423,950,31.36262583732605,False,42,10000,linear,ovr,None,0.0027951170539918455
0.06134969325153374,953,25.21406054496765,True,42,10000,linear,ovr,balanced,0.032329575336809406
0.049079754601226995,955,23.908629417419434,True,42,10000,linear,ovr,balanced,0.026940149410636677
0.13496932515337423,954,32.659812450408936,True,42,10000,linear,ovr,None,0.02072048897759003
0.06134969325153374,952,37.95218348503113,False,42,10000,linear,ovr,balanced,0.005926523352402157
0.656441717791411,958,25.75271248817444,False,42,10000,linear,ovr,None,184.33168795057512
0.656441717791411,957,26.46062994003296,False,42,10000,linear,ovr,None,31.188895840939356
0.6809815950920245,956,30.19415259361267,True,42,10000,linear,ovr,balanced,7.392647526562264
0.656441717791411,962,25.3733651638031,True,42,10000,linear,ovr,balanced,419.9523346640656
0.656441717791411,960,32.294957399368286,True,42,10000,linear,ovr,None,779.8301105232578
0.03067484662576687,959,35.702075242996216,True,42,10000,linear,ovr,balanced,0.010884287379435939
0.13496932515337423,965,21.119744300842285,True,42,10000,linear,ovr,None,0.01770108958317421
0.049079754601226995,961,36.152568340301514,True,42,10000,linear,ovr,balanced,0.0028575905433749467
0.6871165644171779,964,24.3479163646698,True,42,10000,linear,ovr,None,3.505903839326123
0.656441717791411,963,39.03635048866272,True,42,10000,linear,ovr,None,15.121678487917663
0.13496932515337423,969,27.57393503189087,False,42,10000,linear,ovr,None,0.003715352290971724
0.13496932515337423,966,31.015148162841797,False,42,10000,linear,ovr,None,0.04043896205078194
0.22085889570552147,971,26.23290252685547,False,42,10000,linear,ovr,balanced,0.20816130409176395
0.6932515337423313,968,30.768199920654297,True,42,10000,linear,ovr,balanced,1.2542958923023173
0.656441717791411,967,32.169832706451416,True,42,10000,linear,ovr,balanced,0.5081594425605604
0.2392638036809816,974,23.911081552505493,False,42,10000,linear,ovr,balanced,0.19915902890576118
0.13496932515337423,976,22.54326629638672,True,42,10000,linear,ovr,None,0.038053972500270865
0.656441717791411,972,30.481403350830078,False,42,10000,linear,ovr,None,18.450154191794734
0.06134969325153374,970,35.61817669868469,True,42,10000,linear,ovr,balanced,0.009170647491149313
0.6687116564417178,973,37.28546953201294,True,42,10000,linear,ovr,None,8.256576326213263
0.656441717791411,975,37.683034896850586,True,42,10000,linear,ovr,None,15.980854594730909
0.6809815950920245,980,22.356727838516235,False,42,10000,linear,ovr,balanced,13.316803762699797
0.656441717791411,984,20.620323419570923,False,42,10000,linear,ovr,balanced,19.552396696208863
0.6871165644171779,983,22.631027460098267,True,42,10000,linear,ovr,balanced,1.7139573075084233
0.6932515337423313,977,35.10316252708435,True,42,10000,linear,ovr,None,1.8314708046613508
0.6871165644171779,981,28.773333311080933,False,42,10000,linear,ovr,balanced,1.8620871366628655
0.018404907975460124,978,33.879098415374756,False,42,10000,linear,ovr,balanced,0.004938556196176077
0.049079754601226995,979,34.00422549247742,True,42,10000,linear,ovr,balanced,0.0020007830521523912
0.03067484662576687,982,37.101693868637085,True,42,10000,linear,ovr,balanced,0.0039156151483961165
0.656441717791411,986,33.85810041427612,True,42,10000,linear,ovr,None,994.4890371547907
0.06134969325153374,985,37.3139922618866,True,42,10000,linear,ovr,balanced,0.010705328538333617
0.13496932515337423,990,20.324936389923096,True,42,10000,linear,ovr,None,0.0033915638690582193
0.06134969325153374,989,25.45859932899475,True,42,10000,linear,ovr,balanced,0.024456820721043725
0.2883435582822086,991,24.4881808757782,True,42,10000,linear,ovr,balanced,0.20417379446695275
0.13496932515337423,988,33.4318106174469,True,42,10000,linear,ovr,None,0.008076068613289758
0.656441717791411,987,38.594239473342896,True,42,10000,linear,ovr,None,158.78153642056122
0.13496932515337423,992,30.69180917739868,True,42,10000,linear,ovr,None,0.007769623959921389
0.6871165644171779,993,31.366536617279053,False,42,10000,linear,ovr,balanced,2.316327695987446
0.6809815950920245,994,33.10758447647095,True,42,10000,linear,ovr,balanced,13.353650333271844
0.5766871165644172,995,33.44518542289734,True,42,10000,linear,ovr,balanced,0.34040818970100056
0.13496932515337423,997,27.407902717590332,True,42,10000,linear,ovr,None,0.02606153549998895
0.6932515337423313,996,31.310389518737793,True,42,10000,linear,ovr,balanced,3.1045595881283523
0.656441717791411,999,23.535573482513428,True,42,10000,linear,ovr,None,24.86566051307934
0.656441717791411,998,30.710070371627808,True,42,10000,linear,ovr,balanced,161.43585568264837
