accuracy,iteration,time,solver,random_state,penalty,max_iter,class_weight,C
0.3619631901840491,5,0.11982178688049316,lbfgs,42,l2,10000,balanced,0.013727770182085486
0.3496932515337423,17,0.12297940254211426,lbfgs,42,l2,10000,balanced,0.012189895989248661
0.13496932515337423,3,0.5486936569213867,lbfgs,42,l2,10000,None,0.043092332281862634
0.13496932515337423,20,0.6044423580169678,lbfgs,42,l2,10000,None,0.044177384488964765
0.15337423312883436,19,0.7800519466400146,lbfgs,42,l2,10000,None,0.127291674619356
0.13496932515337423,4,0.9243762493133545,lbfgs,42,l2,10000,None,0.002447935666196066
0.4110429447852761,14,1.4434189796447754,lbfgs,42,l2,10000,balanced,0.8855233145028538
0.3987730061349693,15,2.7192745208740234,lbfgs,42,None,10000,balanced,0.17298163592151014
0.3987730061349693,12,2.799293279647827,lbfgs,42,None,10000,balanced,171.08029875993253
0.3987730061349693,10,2.829415798187256,lbfgs,42,None,10000,balanced,0.5039645636126429
0.3987730061349693,7,2.8902008533477783,lbfgs,42,None,10000,balanced,2.1379620895022304
0.3987730061349693,18,2.9034194946289062,lbfgs,42,None,10000,balanced,0.6773295140086063
0.3987730061349693,13,2.9225711822509766,lbfgs,42,None,10000,balanced,0.1964264645879854
0.3987730061349693,2,3.0307016372680664,lbfgs,42,None,10000,balanced,4.277598314820376
0.4233128834355828,9,3.0729150772094727,lbfgs,42,None,10000,None,0.10318106352675918
0.4233128834355828,8,3.1242146492004395,lbfgs,42,None,10000,None,0.19696996148999235
0.3987730061349693,25,3.03104305267334,lbfgs,42,None,10000,balanced,0.0022594357702209783
0.4233128834355828,0,3.2177340984344482,lbfgs,42,None,10000,None,0.5475200153037678
0.4233128834355828,22,3.2438881397247314,lbfgs,42,None,10000,None,4.081313915969719
0.4233128834355828,11,3.242310047149658,lbfgs,42,None,10000,None,0.004385306977749856
0.4233128834355828,21,3.2664616107940674,lbfgs,42,None,10000,None,0.09136923736814541
0.3496932515337423,38,0.1688241958618164,lbfgs,42,l2,10000,balanced,0.012882495516931335
0.3496932515337423,39,0.18023204803466797,lbfgs,42,l2,10000,balanced,0.011282361216489924
0.3558282208588957,24,3.2172508239746094,lbfgs,42,l2,10000,None,1.7914306484060245
0.3987730061349693,26,2.8801348209381104,lbfgs,42,None,10000,balanced,0.3865449465982836
0.3987730061349693,27,2.8307137489318848,lbfgs,42,None,10000,balanced,0.0015177491558612493
0.4049079754601227,23,3.7987077236175537,lbfgs,42,l2,10000,None,2.8106062003343975
0.13496932515337423,40,0.6643836498260498,lbfgs,42,l2,10000,None,0.01804679146556722
0.3496932515337423,51,0.2816433906555176,lbfgs,42,l2,10000,balanced,0.00805378441199066
0.15950920245398773,33,1.3721203804016113,lbfgs,42,l2,10000,None,0.20081678041839857
0.4601226993865031,1,4.513411045074463,lbfgs,42,l2,10000,None,795.0601750844187
0.4233128834355828,30,3.393212080001831,lbfgs,42,None,10000,None,0.006975896043328045
0.4601226993865031,16,5.006617069244385,lbfgs,42,l2,10000,balanced,99.26588068710296
0.4601226993865031,6,5.072086334228516,lbfgs,42,l2,10000,balanced,116.19836038697959
0.3558282208588957,55,0.32065320014953613,lbfgs,42,l2,10000,balanced,0.032329575336809406
0.4723926380368098,28,4.789048433303833,lbfgs,42,l2,10000,balanced,180.80065521100045
0.4723926380368098,29,4.723880052566528,lbfgs,42,l2,10000,balanced,39.77406691050278
0.3619631901840491,59,0.26540279388427734,lbfgs,42,l2,10000,balanced,0.0043371056350044145
0.3987730061349693,34,3.0206007957458496,lbfgs,42,None,10000,balanced,591.561634175473
0.3987730061349693,32,3.241107940673828,lbfgs,42,None,10000,balanced,156.60297206860469
0.3987730061349693,42,2.8625991344451904,lbfgs,42,None,10000,balanced,6.937452139421228
0.3987730061349693,47,2.920336961746216,lbfgs,42,None,10000,balanced,0.0028734258866748713
0.4233128834355828,35,3.3463504314422607,lbfgs,42,None,10000,None,51.14462515963039
0.3987730061349693,49,3.012850046157837,lbfgs,42,None,10000,balanced,0.030846081377571413
0.4233128834355828,41,3.3516135215759277,lbfgs,42,None,10000,None,89.61898068616138
0.4233128834355828,44,3.3745408058166504,lbfgs,42,None,10000,None,1.412537544622754
0.3987730061349693,50,2.8844833374023438,lbfgs,42,None,10000,balanced,0.017076544728138743
0.4233128834355828,46,3.4167850017547607,lbfgs,42,None,10000,None,5.910170366102436
0.4785276073619632,36,4.094043254852295,lbfgs,42,l2,10000,balanced,21.30100037411248
0.13496932515337423,68,0.8873262405395508,lbfgs,42,l2,10000,None,0.004897788193684461
0.31901840490797545,73,0.19039630889892578,lbfgs,42,l2,10000,balanced,0.0019516413002858264
0.20245398773006135,60,2.0013062953948975,lbfgs,42,l2,10000,None,0.4716284552998378
0.3987730061349693,56,3.0529448986053467,lbfgs,42,None,10000,balanced,0.588301559988882
0.4723926380368098,31,5.399137496948242,lbfgs,42,l2,10000,None,179.8042695177435
0.4601226993865031,48,4.682478427886963,lbfgs,42,l2,10000,None,40.10513660865751
0.4785276073619632,43,4.917821407318115,lbfgs,42,l2,10000,balanced,40.66305463404279
0.43558282208588955,53,4.01096248626709,lbfgs,42,l2,10000,None,4.092606597300105
0.4601226993865031,45,5.1091132164001465,lbfgs,42,l2,10000,balanced,211.64109507708636
0.4662576687116564,52,4.345933437347412,lbfgs,42,l2,10000,None,861.3903457724265
0.4233128834355828,57,3.536106586456299,lbfgs,42,None,10000,None,3.6441815078886086
0.4662576687116564,37,5.696951389312744,lbfgs,42,l2,10000,balanced,156.60297206860469
0.13496932515337423,80,0.7518656253814697,lbfgs,42,l2,10000,None,0.029675633580735286
0.13496932515337423,79,0.8151347637176514,lbfgs,42,l2,10000,None,0.005796955946535209
0.3987730061349693,61,3.158249616622925,lbfgs,42,None,10000,balanced,0.11945380829338861
0.3987730061349693,65,3.079338312149048,lbfgs,42,None,10000,balanced,49.20395356814501
0.4233128834355828,62,3.538984537124634,lbfgs,42,None,10000,None,0.1863802972346199
0.2392638036809816,74,1.8782262802124023,lbfgs,42,l2,10000,None,0.588301559988882
0.4233128834355828,64,3.5753724575042725,lbfgs,42,None,10000,None,0.4677351412871981
0.3987730061349693,70,3.100233554840088,lbfgs,42,None,10000,balanced,1.4481048230513716
0.3987730061349693,69,3.2351436614990234,lbfgs,42,None,10000,balanced,0.0042305808577652315
0.4233128834355828,67,3.489443778991699,lbfgs,42,None,10000,None,2.0511621788255647
0.3987730061349693,72,3.1164920330047607,lbfgs,42,None,10000,balanced,0.018501204347718587
0.4539877300613497,54,5.804523706436157,lbfgs,42,l2,10000,balanced,193.73139245819533
0.4233128834355828,71,3.6000070571899414,lbfgs,42,None,10000,None,151.0775731924994
0.13496932515337423,90,0.7763218879699707,lbfgs,42,l2,10000,None,0.07066429004252071
0.4539877300613497,58,5.281979322433472,lbfgs,42,l2,10000,None,34.260997248813695
0.13496932515337423,99,0.7109003067016602,lbfgs,42,l2,10000,None,0.04630202658603082
0.3987730061349693,89,1.7153723239898682,lbfgs,42,l2,10000,balanced,0.7670081876935095
0.4233128834355828,75,3.646897077560425,lbfgs,42,None,10000,None,0.17442149315611752
0.4723926380368098,63,5.41182804107666,lbfgs,42,l2,10000,balanced,943.6262202767251
0.4233128834355828,78,3.4566564559936523,lbfgs,42,None,10000,None,0.03025519803872306
0.4662576687116564,66,5.34480357170105,lbfgs,42,l2,10000,balanced,295.665056508294
0.4233128834355828,76,3.5937135219573975,lbfgs,42,None,10000,None,6.899220098440467
0.3987730061349693,82,3.135780096054077,lbfgs,42,None,10000,balanced,6.109420249055715
0.4785276073619632,81,3.6585817337036133,lbfgs,42,l2,10000,balanced,7.834296427662112
0.4233128834355828,86,3.610379695892334,lbfgs,42,None,10000,None,0.9541134102819789
0.4233128834355828,87,3.627636432647705,lbfgs,42,None,10000,None,543.0002130657377
0.43558282208588955,84,4.084839344024658,lbfgs,42,l2,10000,None,3.7566436461445862
0.4233128834355828,88,3.4592690467834473,lbfgs,42,None,10000,None,1.4845676750522714
0.4785276073619632,83,4.272280693054199,lbfgs,42,l2,10000,balanced,25.072636247771165
0.3987730061349693,94,3.112189531326294,lbfgs,42,None,10000,balanced,0.29080374827353117
0.4723926380368098,77,5.17711615562439,lbfgs,42,l2,10000,None,469.0293284059374
0.3987730061349693,96,3.0711820125579834,lbfgs,42,None,10000,balanced,0.34897956743787417
0.4233128834355828,93,3.6311357021331787,lbfgs,42,None,10000,None,2.6157726827191055
0.19631901840490798,108,1.4697930812835693,lbfgs,42,l2,10000,None,0.46004466639347785
0.3987730061349693,97,3.2131874561309814,lbfgs,42,None,10000,balanced,77.41052270741217
0.13496932515337423,113,0.7003111839294434,lbfgs,42,l2,10000,None,0.018146797793969282
0.4233128834355828,98,3.3720104694366455,lbfgs,42,None,10000,None,92.12977276685545
0.4662576687116564,92,4.28411602973938,lbfgs,42,l2,10000,balanced,45.91980128368685
0.3987730061349693,101,2.9584238529205322,lbfgs,42,None,10000,balanced,0.0013854791675667229
0.3987730061349693,103,2.836338758468628,lbfgs,42,None,10000,balanced,265.4605561975536
0.4785276073619632,95,4.235807418823242,lbfgs,42,l2,10000,balanced,21.066869257394146
0.4662576687116564,85,5.541239023208618,lbfgs,42,l2,10000,None,353.8343568147222
0.31901840490797545,124,0.20688223838806152,lbfgs,42,l2,10000,balanced,0.003317416496945389
0.13496932515337423,118,1.0102345943450928,lbfgs,42,l2,10000,None,0.003926449353995997
0.4233128834355828,100,3.3791487216949463,lbfgs,42,None,10000,None,33.69767985844033
0.4723926380368098,91,4.975604295730591,lbfgs,42,l2,10000,None,137.91134690235992
0.3619631901840491,126,0.23183822631835938,lbfgs,42,l2,10000,balanced,0.0046730453963150995
0.4233128834355828,102,3.454878807067871,lbfgs,42,None,10000,None,33.32728995761372
0.4233128834355828,105,3.2388439178466797,lbfgs,42,None,10000,None,54.35005651294466
0.31901840490797545,131,0.1869351863861084,lbfgs,42,l2,10000,balanced,0.0012717448862880681
0.3558282208588957,133,0.2214653491973877,lbfgs,42,l2,10000,balanced,0.017123794212449275
0.48466257668711654,111,2.409818649291992,lbfgs,42,l2,10000,balanced,2.36809979387379
0.4601226993865031,104,3.9616034030914307,lbfgs,42,l2,10000,balanced,606.4569815101354
0.3619631901840491,137,0.31848740577697754,lbfgs,42,l2,10000,balanced,0.03650900524844982
0.4233128834355828,109,3.3222975730895996,lbfgs,42,None,10000,None,682.9674408079633
0.3987730061349693,115,2.9295101165771484,lbfgs,42,None,10000,balanced,0.23768402866248758
0.3987730061349693,119,2.9079551696777344,lbfgs,42,None,10000,balanced,0.03008846276645725
0.3987730061349693,117,2.990050792694092,lbfgs,42,None,10000,balanced,0.014709570767969771
0.4662576687116564,112,3.673865795135498,lbfgs,42,l2,10000,balanced,17.458221529205037
0.17177914110429449,136,1.2894692420959473,lbfgs,42,l2,10000,None,0.23184620954131294
0.4233128834355828,114,3.5174124240875244,lbfgs,42,None,10000,None,387.6144867002404
0.4601226993865031,107,5.062299966812134,lbfgs,42,l2,10000,None,16.383247796286373
0.4601226993865031,106,5.259900808334351,lbfgs,42,l2,10000,balanced,85.74326166361787
0.3619631901840491,145,0.2615196704864502,lbfgs,42,l2,10000,balanced,0.004952220800885213
0.3128834355828221,125,2.568459987640381,lbfgs,42,l2,10000,None,1.1934383792107943
0.4233128834355828,120,3.4393229484558105,lbfgs,42,None,10000,None,0.013652116950664461
0.4233128834355828,121,3.3554913997650146,lbfgs,42,None,10000,None,1.5473907628208767
0.43558282208588955,116,3.7772867679595947,lbfgs,42,l2,10000,None,3.9264493539959973
0.3558282208588957,152,0.24935221672058105,lbfgs,42,l2,10000,balanced,0.006823386941416697
0.3987730061349693,130,2.9387104511260986,lbfgs,42,None,10000,balanced,0.01274089685919111
0.3987730061349693,132,3.1542279720306396,lbfgs,42,None,10000,balanced,5.119175279997104
0.4233128834355828,128,3.4658968448638916,lbfgs,42,None,10000,None,0.017314103128901543
0.4785276073619632,123,3.869588613510132,lbfgs,42,l2,10000,balanced,6.367955209079155
0.4233128834355828,129,3.5348401069641113,lbfgs,42,None,10000,None,193.19683170169222
0.4785276073619632,127,3.768871307373047,lbfgs,42,l2,10000,balanced,8.12082216249983
0.3987730061349693,135,3.2297475337982178,lbfgs,42,None,10000,balanced,1.0111137119549067
0.4723926380368098,110,5.726303577423096,lbfgs,42,l2,10000,balanced,784.1515405281202
0.4662576687116564,122,4.377759695053101,lbfgs,42,l2,10000,balanced,384.4147117595774
0.4233128834355828,134,3.5631325244903564,lbfgs,42,None,10000,None,4.495727713019051
0.3987730061349693,139,3.031097173690796,lbfgs,42,None,10000,balanced,0.1382929369795943
0.4233128834355828,138,3.3867008686065674,lbfgs,42,None,10000,None,0.011282361216489924
0.13496932515337423,156,1.289771556854248,lbfgs,42,l2,10000,None,0.001984266498484643
0.4233128834355828,140,3.326050281524658,lbfgs,42,None,10000,None,0.16143585568264854
0.3987730061349693,141,3.169431447982788,lbfgs,42,None,10000,balanced,127.99706167051794
0.3987730061349693,143,3.1128790378570557,lbfgs,42,None,10000,balanced,0.005829079788672337
0.3987730061349693,144,3.119745969772339,lbfgs,42,None,10000,balanced,0.0022908676527677724
0.3496932515337423,169,0.18503093719482422,lbfgs,42,l2,10000,balanced,0.011824968703831047
0.31901840490797545,170,0.17109274864196777,lbfgs,42,l2,10000,balanced,0.0022039411818101087
0.4233128834355828,142,3.559673309326172,lbfgs,42,None,10000,None,0.0998159627491724
0.3987730061349693,151,3.0170278549194336,lbfgs,42,None,10000,balanced,0.4401492842868148
0.3619631901840491,172,0.2524242401123047,lbfgs,42,l2,10000,balanced,0.00548529513941203
0.13496932515337423,165,0.8254821300506592,lbfgs,42,l2,10000,None,0.00889610704409229
0.1901840490797546,164,1.3055322170257568,lbfgs,42,l2,10000,None,0.3176874070649769
0.3619631901840491,173,0.24610376358032227,lbfgs,42,l2,10000,balanced,0.04405548635065532
0.3987730061349693,153,2.8830740451812744,lbfgs,42,None,10000,balanced,23.07809729698403
0.31901840490797545,174,0.18802189826965332,lbfgs,42,l2,10000,balanced,0.0027039583641088436
0.4233128834355828,148,3.394727945327759,lbfgs,42,None,10000,None,1.3037670471382128
0.4294478527607362,146,3.704252243041992,lbfgs,42,l2,10000,None,5.248074602497723
0.43558282208588955,154,3.504953622817993,lbfgs,42,l2,10000,None,4.0476224868787325
0.3987730061349693,158,2.972623348236084,lbfgs,42,None,10000,balanced,2.028616716966293
0.3987730061349693,161,2.8826191425323486,lbfgs,42,None,10000,balanced,0.1778279410038923
0.4785276073619632,147,4.420737266540527,lbfgs,42,l2,10000,balanced,25.633033198658953
0.3987730061349693,159,3.074704885482788,lbfgs,42,None,10000,balanced,0.03681289736425313
0.44785276073619634,150,4.8531105518341064,lbfgs,42,l2,10000,None,649.8303634842366
0.4233128834355828,163,3.430678129196167,lbfgs,42,None,10000,None,1.564588018040553
0.3619631901840491,187,0.8078181743621826,lbfgs,42,l2,10000,balanced,0.14099379493587233
0.4662576687116564,149,5.276634454727173,lbfgs,42,l2,10000,balanced,191.60198320684538
0.3619631901840491,189,0.5338320732116699,lbfgs,42,l2,10000,balanced,0.12694044019618023
0.3067484662576687,182,2.099832534790039,lbfgs,42,l2,10000,None,0.9890084450210647
0.4785276073619632,157,4.589458227157593,lbfgs,42,l2,10000,balanced,30.088462766457237
0.4601226993865031,155,4.810431003570557,lbfgs,42,l2,10000,balanced,199.71008660281842
0.4233128834355828,168,3.3671536445617676,lbfgs,42,None,10000,None,19.76969640111858
0.3987730061349693,175,2.8916852474212646,lbfgs,42,None,10000,balanced,1.2302687708123812
0.13496932515337423,192,0.7202248573303223,lbfgs,42,l2,10000,None,0.055106141113906555
0.4539877300613497,160,4.9301886558532715,lbfgs,42,l2,10000,None,569.1149576288402
0.4233128834355828,171,3.4251277446746826,lbfgs,42,None,10000,None,63.97348354826469
0.3987730061349693,177,2.9676554203033447,lbfgs,42,None,10000,balanced,76.77149537690269
0.4233128834355828,179,3.1983537673950195,lbfgs,42,None,10000,None,1.509384896654952
0.4233128834355828,181,3.288274049758911,lbfgs,42,None,10000,None,1.6904409316432631
0.4539877300613497,162,5.304760217666626,lbfgs,42,l2,10000,None,972.7472237769641
0.4233128834355828,178,3.5540575981140137,lbfgs,42,None,10000,None,0.008677607449911457
0.1656441717791411,194,1.2747750282287598,lbfgs,42,l2,10000,None,0.22803420720004164
0.3987730061349693,185,2.9198668003082275,lbfgs,42,None,10000,balanced,59.86872372480592
0.13496932515337423,206,0.6994566917419434,lbfgs,42,l2,10000,None,0.010129779687601016
0.4601226993865031,167,5.150613784790039,lbfgs,42,l2,10000,None,226.15177461083582
0.4233128834355828,186,3.4227805137634277,lbfgs,42,None,10000,None,0.007231027280500617
0.4539877300613497,166,5.5878424644470215,lbfgs,42,l2,10000,None,49.3400971187957
0.4785276073619632,176,5.174026966094971,lbfgs,42,l2,10000,balanced,558.2130689177255
0.32515337423312884,193,3.012284755706787,lbfgs,42,l2,10000,None,1.480471324897625
0.4233128834355828,191,3.406461238861084,lbfgs,42,None,10000,None,67.79536449241948
0.4601226993865031,183,4.512847900390625,lbfgs,42,l2,10000,balanced,59.53878941276854
0.4601226993865031,184,4.564123868942261,lbfgs,42,l2,10000,None,471.6284552998373
0.3987730061349693,195,3.1570823192596436,lbfgs,42,None,10000,balanced,1.1868613846449192
0.3987730061349693,197,3.036101818084717,lbfgs,42,None,10000,balanced,0.007033961712162472
0.3619631901840491,214,0.4347825050354004,lbfgs,42,l2,10000,balanced,0.08294686950952626
0.1901840490797546,210,1.3404357433319092,lbfgs,42,l2,10000,None,0.295665056508294
0.4539877300613497,180,5.80397629737854,lbfgs,42,l2,10000,None,64.50598332848311
0.4723926380368098,190,3.9607324600219727,lbfgs,42,l2,10000,balanced,414.1903726221003
0.3987730061349693,198,2.9576046466827393,lbfgs,42,None,10000,balanced,13.061708881318404
0.3987730061349693,200,2.986685276031494,lbfgs,42,None,10000,balanced,356.7795882885619
0.2883435582822086,204,2.5028412342071533,lbfgs,42,l2,10000,None,0.8128305161640986
0.3987730061349693,201,3.0766968727111816,lbfgs,42,None,10000,balanced,50.86276903064361
0.4233128834355828,196,3.444553852081299,lbfgs,42,None,10000,None,0.0017522658618857078
0.3987730061349693,202,2.9531381130218506,lbfgs,42,None,10000,balanced,245.6970827636836
0.3987730061349693,203,3.0074143409729004,lbfgs,42,None,10000,balanced,51.28613839913648
0.3987730061349693,207,2.992631435394287,lbfgs,42,None,10000,balanced,2.913399222570161
0.13496932515337423,228,0.735872745513916,lbfgs,42,l2,10000,None,0.04429961991003636
0.4233128834355828,205,3.3904569149017334,lbfgs,42,None,10000,None,4.446312674691084
0.13496932515337423,229,0.6693515777587891,lbfgs,42,l2,10000,None,0.01624800335227319
0.3496932515337423,230,0.2598307132720947,lbfgs,42,l2,10000,balanced,0.019552396696208865
0.4785276073619632,188,5.643252611160278,lbfgs,42,l2,10000,balanced,922.9963848404526
0.3987730061349693,211,2.9886116981506348,lbfgs,42,None,10000,balanced,152.756605823807
0.4233128834355828,209,3.290436267852783,lbfgs,42,None,10000,None,122.46161992650464
0.31901840490797545,236,0.20851492881774902,lbfgs,42,l2,10000,balanced,0.0017378008287493763
0.4233128834355828,208,3.4083657264709473,lbfgs,42,None,10000,None,0.11240871934697293
0.3987730061349693,212,2.954489231109619,lbfgs,42,None,10000,balanced,0.0024210290467361778
0.147239263803681,234,0.7989132404327393,lbfgs,42,l2,10000,None,0.08433347577642752
0.4601226993865031,199,5.119857549667358,lbfgs,42,l2,10000,balanced,113.03163247386955
0.13496932515337423,231,1.358217477798462,lbfgs,42,l2,10000,None,0.001303767047138214
0.3987730061349693,213,3.091603994369507,lbfgs,42,None,10000,balanced,242.3259924092547
0.3987730061349693,217,3.0196380615234375,lbfgs,42,None,10000,balanced,0.0026302679918953813
0.3987730061349693,218,2.9159622192382812,lbfgs,42,None,10000,balanced,0.11460405911366019
0.4233128834355828,216,3.5177783966064453,lbfgs,42,None,10000,None,0.9488553267278009
0.3987730061349693,220,3.121673583984375,lbfgs,42,None,10000,balanced,0.010413578615284342
0.3987730061349693,223,3.145909070968628,lbfgs,42,None,10000,balanced,0.5551367774352108
0.3987730061349693,227,3.009033679962158,lbfgs,42,None,10000,balanced,96.56060985415496
0.3987730061349693,225,3.249032497406006,lbfgs,42,None,10000,balanced,148.18355175164308
0.4233128834355828,226,3.5161798000335693,lbfgs,42,None,10000,None,304.78949896279767
0.48466257668711654,221,3.7912628650665283,lbfgs,42,l2,10000,balanced,5.23359365186758
0.3619631901840491,250,0.5728836059570312,lbfgs,42,l2,10000,balanced,0.12145069377157791
0.3803680981595092,246,1.1279921531677246,lbfgs,42,l2,10000,balanced,0.5536049950434
0.3987730061349693,232,3.0367119312286377,lbfgs,42,None,10000,balanced,93.41142557364785
0.3987730061349693,235,2.9616212844848633,lbfgs,42,None,10000,balanced,82.71799518641329
0.3987730061349693,233,3.0584282875061035,lbfgs,42,None,10000,balanced,0.0011609138701261822
0.4662576687116564,215,4.9696502685546875,lbfgs,42,l2,10000,None,167.34009068393107
0.4601226993865031,241,2.2842283248901367,lbfgs,42,l2,10000,balanced,1.480471324897625
0.4723926380368098,224,4.6869659423828125,lbfgs,42,l2,10000,balanced,849.5716271561207
0.4601226993865031,222,4.818407773971558,lbfgs,42,l2,10000,None,644.4659847416877
0.3987730061349693,237,2.9582278728485107,lbfgs,42,None,10000,balanced,7.072940424045753
0.3987730061349693,238,3.1039583683013916,lbfgs,42,None,10000,balanced,626.9024974761641
0.3987730061349693,242,3.003951072692871,lbfgs,42,None,10000,balanced,0.0016398344276265361
0.4662576687116564,219,5.498189687728882,lbfgs,42,l2,10000,None,76.9839161929434
0.3987730061349693,243,3.055671215057373,lbfgs,42,None,10000,balanced,10.046157902783946
0.13496932515337423,263,0.748154878616333,lbfgs,42,l2,10000,None,0.007791121911130927
0.4233128834355828,239,3.6484639644622803,lbfgs,42,None,10000,None,0.07509309424540643
0.48466257668711654,248,2.6592113971710205,lbfgs,42,l2,10000,balanced,2.9053603143031452
0.3987730061349693,247,2.797189474105835,lbfgs,42,None,10000,balanced,835.6030182312475
0.3312883435582822,244,3.5080554485321045,lbfgs,42,l2,10000,None,1.626297521013409
0.4233128834355828,245,3.4882588386535645,lbfgs,42,None,10000,None,1.0251797048255566
0.4233128834355828,251,3.293168783187866,lbfgs,42,None,10000,None,0.03671131996879641
0.3987730061349693,254,3.0890583992004395,lbfgs,42,None,10000,balanced,717.7942912713615
0.4601226993865031,264,1.9642736911773682,lbfgs,42,l2,10000,balanced,1.5261597656254615
0.4233128834355828,252,3.3051512241363525,lbfgs,42,None,10000,None,4.81725903559163
0.3619631901840491,274,0.4047670364379883,lbfgs,42,l2,10000,balanced,0.08046370017397997
0.3987730061349693,256,3.154820442199707,lbfgs,42,None,10000,balanced,139.0592875465443
0.3987730061349693,257,3.043570041656494,lbfgs,42,None,10000,balanced,0.8953647655495938
0.4110429447852761,271,1.4938912391662598,lbfgs,42,l2,10000,balanced,0.9862794856312099
0.3987730061349693,258,3.006894826889038,lbfgs,42,None,10000,balanced,0.0065826384164090175
0.4785276073619632,240,5.30678129196167,lbfgs,42,l2,10000,balanced,887.9734893257655
0.3987730061349693,260,3.0062899589538574,lbfgs,42,None,10000,balanced,391.92232245497627
0.4294478527607362,253,3.823917865753174,lbfgs,42,l2,10000,None,5.133339643802887
0.49079754601226994,269,2.115433692932129,lbfgs,42,l2,10000,balanced,2.818382931264452
0.3987730061349693,262,2.9646880626678467,lbfgs,42,None,10000,balanced,0.22366601494661748
0.4723926380368098,255,4.1128082275390625,lbfgs,42,l2,10000,balanced,13.025667861366887
0.4233128834355828,261,3.5356500148773193,lbfgs,42,None,10000,None,0.0024076868456124447
0.3619631901840491,288,0.36141037940979004,lbfgs,42,l2,10000,balanced,0.06631320218835525
0.3987730061349693,266,3.0232009887695312,lbfgs,42,None,10000,balanced,0.007053424142580965
0.48466257668711654,272,2.5455985069274902,lbfgs,42,l2,10000,balanced,2.913399222570161
0.38650306748466257,278,1.5203115940093994,lbfgs,42,l2,10000,balanced,0.655239394015981
0.4233128834355828,268,3.4448041915893555,lbfgs,42,None,10000,None,0.003894036338797171
0.4233128834355828,270,3.337956666946411,lbfgs,42,None,10000,None,0.23572193636510064
0.4233128834355828,267,3.6050033569335938,lbfgs,42,None,10000,None,0.046687433439201856
0.4662576687116564,259,4.744237661361694,lbfgs,42,l2,10000,None,171.08029875993253
0.3987730061349693,273,2.9612979888916016,lbfgs,42,None,10000,balanced,75.71815097147055
0.4785276073619632,249,6.125506639480591,lbfgs,42,l2,10000,balanced,593.1984396649716
0.36809815950920244,293,1.0772318840026855,lbfgs,42,l2,10000,balanced,0.4153364054890737
0.3987730061349693,275,2.8364360332489014,lbfgs,42,None,10000,balanced,129.77767816857812
0.48466257668711654,282,2.525254249572754,lbfgs,42,l2,10000,balanced,2.3812226232768383
0.36809815950920244,302,0.22530221939086914,lbfgs,42,l2,10000,balanced,0.005893862502405809
0.44171779141104295,265,4.927220582962036,lbfgs,42,l2,10000,None,682.9674408079633
0.3987730061349693,280,3.042541980743408,lbfgs,42,None,10000,balanced,67.23571072343181
0.3987730061349693,283,3.0418708324432373,lbfgs,42,None,10000,balanced,0.042736603149693034
0.4233128834355828,277,3.5222694873809814,lbfgs,42,None,10000,None,0.5566727981509474
0.4233128834355828,279,3.3592796325683594,lbfgs,42,None,10000,None,0.007578792209160491
0.4233128834355828,281,3.368878126144409,lbfgs,42,None,10000,None,3.894036338797171
0.4233128834355828,285,3.2626304626464844,lbfgs,42,None,10000,None,0.012496833972112192
0.4723926380368098,276,3.875255823135376,lbfgs,42,l2,10000,balanced,38.26484865951093
0.36809815950920244,300,1.122605323791504,lbfgs,42,l2,10000,balanced,0.44750717204765567
0.4233128834355828,286,3.3537163734436035,lbfgs,42,None,10000,None,0.13194714571951166
0.3987730061349693,290,3.2034707069396973,lbfgs,42,None,10000,balanced,795.0601750844187
0.3987730061349693,291,3.201185703277588,lbfgs,42,None,10000,balanced,0.03215140824832691
0.13496932515337423,311,0.7716171741485596,lbfgs,42,l2,10000,None,0.012600854590882374
0.13496932515337423,313,0.6901984214782715,lbfgs,42,l2,10000,None,0.016338041693006806
0.4233128834355828,289,3.4801700115203857,lbfgs,42,None,10000,None,0.04032737929761131
0.44171779141104295,284,4.400482177734375,lbfgs,42,l2,10000,None,6.8422667276595055
0.4233128834355828,292,3.5460991859436035,lbfgs,42,None,10000,None,12.776149939707947
0.3987730061349693,298,3.0521202087402344,lbfgs,42,None,10000,balanced,0.0012473835142429433
0.3987730061349693,295,3.27779483795166,lbfgs,42,None,10000,balanced,0.028946762641760285
0.13496932515337423,317,0.6752829551696777,lbfgs,42,l2,10000,None,0.02642408757321946
0.4233128834355828,299,3.37680721282959,lbfgs,42,None,10000,None,10.58766033113697
0.4233128834355828,297,3.612839698791504,lbfgs,42,None,10000,None,0.0199894111123566
0.36809815950920244,318,1.1003696918487549,lbfgs,42,l2,10000,balanced,0.4401492842868148
0.3987730061349693,303,3.0143330097198486,lbfgs,42,None,10000,balanced,290.8037482735312
0.4233128834355828,301,3.5030529499053955,lbfgs,42,None,10000,None,0.005670221181605433
0.4662576687116564,287,5.511432647705078,lbfgs,42,l2,10000,None,347.05635400798684
0.4233128834355828,304,3.2325098514556885,lbfgs,42,None,10000,None,0.17881337486902157
0.3987730061349693,306,3.095195770263672,lbfgs,42,None,10000,balanced,94.97296573624224
0.4233128834355828,305,3.3055734634399414,lbfgs,42,None,10000,None,0.3098846042012058
0.3987730061349693,310,2.9136099815368652,lbfgs,42,None,10000,balanced,4.265795188015925
0.3987730061349693,307,3.241457462310791,lbfgs,42,None,10000,balanced,0.022636016404497483
0.3987730061349693,312,3.2000672817230225,lbfgs,42,None,10000,balanced,0.5754399373371566
0.4233128834355828,309,3.560791492462158,lbfgs,42,None,10000,None,0.09418895965228409
0.13496932515337423,327,1.1806371212005615,lbfgs,42,l2,10000,None,0.0025165177616146422
0.4662576687116564,294,5.48996376991272,lbfgs,42,l2,10000,balanced,74.67925899308828
0.3987730061349693,315,2.9387552738189697,lbfgs,42,None,10000,balanced,0.7670081876935095
0.3987730061349693,314,3.0983216762542725,lbfgs,42,None,10000,balanced,0.9332543007969905
0.3987730061349693,319,2.9832208156585693,lbfgs,42,None,10000,balanced,0.011376272858234305
0.4662576687116564,296,5.75883936882019,lbfgs,42,l2,10000,balanced,178.31997722329163
0.4233128834355828,316,3.500321865081787,lbfgs,42,None,10000,None,3.851234824289314
0.3987730061349693,320,3.1890158653259277,lbfgs,42,None,10000,balanced,0.3329660852068803
0.3987730061349693,322,3.046898126602173,lbfgs,42,None,10000,balanced,0.05970352865838366
0.4601226993865031,308,5.057399272918701,lbfgs,42,l2,10000,None,16.565326493180176
0.3987730061349693,324,3.184798002243042,lbfgs,42,None,10000,balanced,0.0024344451836922016
0.4233128834355828,323,3.3818812370300293,lbfgs,42,None,10000,None,0.3718775833249355
0.4233128834355828,326,3.3792057037353516,lbfgs,42,None,10000,None,0.00942757508527416
0.3987730061349693,328,3.1730103492736816,lbfgs,42,None,10000,balanced,0.0016626467968935367
0.4785276073619632,321,4.302532911300659,lbfgs,42,l2,10000,balanced,8.896107044092288
0.3558282208588957,347,0.8318459987640381,lbfgs,42,l2,10000,balanced,0.18382306368835297
0.4233128834355828,330,3.514575719833374,lbfgs,42,None,10000,None,0.4164856093407411
0.3987730061349693,333,3.1632916927337646,lbfgs,42,None,10000,balanced,0.9754387404402995
0.4233128834355828,331,3.4762136936187744,lbfgs,42,None,10000,None,1.2405092300422251
0.4785276073619632,329,3.7600598335266113,lbfgs,42,l2,10000,balanced,15.980854594730907
0.49079754601226994,337,2.806305408477783,lbfgs,42,l2,10000,balanced,3.121763510848164
0.3987730061349693,335,3.1850924491882324,lbfgs,42,None,10000,balanced,0.006975896043328045
0.49079754601226994,334,3.5865089893341064,lbfgs,42,l2,10000,balanced,4.373206651696447
0.4723926380368098,325,4.653243780136108,lbfgs,42,l2,10000,balanced,218.17249589882954
0.31901840490797545,358,0.18837523460388184,lbfgs,42,l2,10000,balanced,0.0010834278621501396
0.3619631901840491,360,0.24264931678771973,lbfgs,42,l2,10000,balanced,0.005546257129579105
0.3987730061349693,341,2.9028193950653076,lbfgs,42,None,10000,balanced,0.0028813764348397
0.13496932515337423,356,0.8921103477478027,lbfgs,42,l2,10000,None,0.004817259035591629
0.4233128834355828,339,3.4376296997070312,lbfgs,42,None,10000,None,13.502058956622387
0.4233128834355828,340,3.2998201847076416,lbfgs,42,None,10000,None,0.005176068319505676
0.3987730061349693,342,3.1723899841308594,lbfgs,42,None,10000,balanced,29.349452222697927
0.18404907975460122,354,1.405031681060791,lbfgs,42,l2,10000,None,0.2797692637854649
0.4233128834355828,344,3.4851841926574707,lbfgs,42,None,10000,None,187.41312399767514
0.4601226993865031,332,5.139691591262817,lbfgs,42,l2,10000,None,18.501204347718584
0.13496932515337423,363,1.008650302886963,lbfgs,42,l2,10000,None,0.0034769624461781284
0.49079754601226994,346,3.2178940773010254,lbfgs,42,l2,10000,balanced,3.798393901545068
0.4233128834355828,345,3.5017991065979004,lbfgs,42,None,10000,None,47.206304126358994
0.4601226993865031,353,2.031996965408325,lbfgs,42,l2,10000,balanced,1.408639946361255
0.31901840490797545,370,0.20089411735534668,lbfgs,42,l2,10000,balanced,0.0010894316796591327
0.3496932515337423,372,0.2527890205383301,lbfgs,42,l2,10000,balanced,0.019337485452952552
0.4785276073619632,338,4.9308953285217285,lbfgs,42,l2,10000,balanced,719.7803728026989
0.4785276073619632,336,5.303062200546265,lbfgs,42,l2,10000,balanced,883.0799004185623
0.31901840490797545,377,0.1988828182220459,lbfgs,42,l2,10000,balanced,0.0013589391171008015
0.3987730061349693,351,3.083946466445923,lbfgs,42,None,10000,balanced,900.3264310597219
0.4233128834355828,350,3.4036402702331543,lbfgs,42,None,10000,None,0.7379042301291008
0.13496932515337423,373,0.9455351829528809,lbfgs,42,l2,10000,None,0.00477749234659094
0.4233128834355828,349,3.591132402420044,lbfgs,42,None,10000,None,0.45248063785554815
0.31901840490797545,382,0.21358084678649902,lbfgs,42,l2,10000,balanced,0.001412537544622754
0.4233128834355828,352,3.5396265983581543,lbfgs,42,None,10000,None,0.006350384185040406
0.15950920245398773,371,1.4630062580108643,lbfgs,42,l2,10000,None,0.21164109507708634
0.4723926380368098,343,5.218765497207642,lbfgs,42,l2,10000,None,208.73727039105472
0.4233128834355828,355,3.4880075454711914,lbfgs,42,None,10000,None,17.123794212449283
0.13496932515337423,383,0.6766817569732666,lbfgs,42,l2,10000,None,0.0199894111123566
0.4723926380368098,348,4.937806129455566,lbfgs,42,l2,10000,balanced,837.9150674384088
0.4233128834355828,359,3.569223642349243,lbfgs,42,None,10000,None,278.22746576751223
0.3619631901840491,390,0.2296004295349121,lbfgs,42,l2,10000,balanced,0.006637430704019089
0.4233128834355828,361,3.6186089515686035,lbfgs,42,None,10000,None,0.003244890156605366
0.3987730061349693,366,3.179119348526001,lbfgs,42,None,10000,balanced,0.08248975239353296
0.4233128834355828,364,3.4218313694000244,lbfgs,42,None,10000,None,3.028307694265778
0.4233128834355828,365,3.4411909580230713,lbfgs,42,None,10000,None,0.8287050779069821
0.3987730061349693,369,2.8654520511627197,lbfgs,42,None,10000,balanced,0.03620762177566731
0.4233128834355828,367,3.6337363719940186,lbfgs,42,None,10000,None,0.017652247174525574
0.4601226993865031,357,5.0090601444244385,lbfgs,42,l2,10000,None,63.270315486650055
0.3987730061349693,376,3.033804178237915,lbfgs,42,None,10000,balanced,0.7217719496686985
0.4233128834355828,375,3.3216567039489746,lbfgs,42,None,10000,None,0.013576880641390912
0.3987730061349693,378,2.9550583362579346,lbfgs,42,None,10000,balanced,0.00755788013680452
0.44785276073619634,388,2.288628578186035,lbfgs,42,l2,10000,balanced,1.3329074642313368
0.13496932515337423,399,0.6924843788146973,lbfgs,42,l2,10000,None,0.0432115654470299
0.4662576687116564,368,4.725171804428101,lbfgs,42,l2,10000,balanced,92.38468875379438
0.1901840490797546,398,1.4394457340240479,lbfgs,42,l2,10000,None,0.3357376142429545
0.4233128834355828,380,3.5008461475372314,lbfgs,42,None,10000,None,0.0032181034430934416
0.4233128834355828,379,3.5548157691955566,lbfgs,42,None,10000,None,0.23768402866248758
0.3987730061349693,387,2.8523523807525635,lbfgs,42,None,10000,balanced,0.0446683592150963
0.4233128834355828,381,3.4039793014526367,lbfgs,42,None,10000,None,29.349452222697927
0.13496932515337423,402,0.8377978801727295,lbfgs,42,l2,10000,None,0.006804559249946377
0.3987730061349693,385,3.1370904445648193,lbfgs,42,None,10000,balanced,168.26740610704672
0.4539877300613497,362,5.676790714263916,lbfgs,42,l2,10000,None,46.687433439201875
0.3987730061349693,386,3.1153106689453125,lbfgs,42,None,10000,balanced,63.270315486650055
0.13496932515337423,404,0.8955802917480469,lbfgs,42,l2,10000,None,0.004495727713019056
0.3619631901840491,410,0.6820757389068604,lbfgs,42,l2,10000,balanced,0.14414513857582104
0.13496932515337423,413,0.7476649284362793,lbfgs,42,l2,10000,None,0.011566447741656456
0.4233128834355828,389,3.436042070388794,lbfgs,42,None,10000,None,0.0017717400399431236
0.4539877300613497,374,5.2266786098480225,lbfgs,42,l2,10000,balanced,82.94686950952612
0.31901840490797545,416,0.20380091667175293,lbfgs,42,l2,10000,balanced,0.0028813764348397
0.3558282208588957,420,0.3199727535247803,lbfgs,42,l2,10000,balanced,0.02761849442075292
0.4233128834355828,393,3.4473788738250732,lbfgs,42,None,10000,None,0.42344791616920724
0.1901840490797546,407,1.395496129989624,lbfgs,42,l2,10000,None,0.3338873767251227
0.4785276073619632,391,3.8564510345458984,lbfgs,42,l2,10000,balanced,7.21107479182899
0.4233128834355828,396,3.3485231399536133,lbfgs,42,None,10000,None,646.2491724953874
0.36809815950920244,419,0.7738494873046875,lbfgs,42,l2,10000,balanced,0.24299648977032282
0.3987730061349693,400,2.856863498687744,lbfgs,42,None,10000,balanced,31.361729165129837
0.31901840490797545,426,0.1697099208831787,lbfgs,42,l2,10000,balanced,0.0020286167169662928
0.43558282208588955,395,3.861477851867676,lbfgs,42,l2,10000,None,3.8725764492161687
0.4723926380368098,392,4.281159162521362,lbfgs,42,l2,10000,balanced,102.89635722967527
0.4662576687116564,384,5.257195711135864,lbfgs,42,l2,10000,None,90.86570489581445
0.1901840490797546,423,1.363081932067871,lbfgs,42,l2,10000,None,0.35677958828856193
0.3987730061349693,406,2.9427828788757324,lbfgs,42,None,10000,balanced,29.593749953433864
0.3987730061349693,414,2.8118531703948975,lbfgs,42,None,10000,balanced,315.0648832972389
0.4601226993865031,394,5.076242446899414,lbfgs,42,l2,10000,balanced,821.8640803889045
0.4233128834355828,403,3.4858102798461914,lbfgs,42,None,10000,None,550.5540984847936
0.4233128834355828,408,3.3153488636016846,lbfgs,42,None,10000,None,2.303562500117533
0.4233128834355828,409,3.3312838077545166,lbfgs,42,None,10000,None,428.15399433741726
0.3987730061349693,415,2.8749842643737793,lbfgs,42,None,10000,balanced,4.857356732878539
0.4233128834355828,411,3.404536247253418,lbfgs,42,None,10000,None,0.01147096619773556
0.19631901840490798,431,1.404219388961792,lbfgs,42,l2,10000,None,0.42344791616920724
0.4233128834355828,412,3.440109968185425,lbfgs,42,None,10000,None,419.9523346640656
0.31901840490797545,438,0.20938897132873535,lbfgs,42,l2,10000,balanced,0.0010804383723712297
0.4723926380368098,401,4.531518459320068,lbfgs,42,l2,10000,None,249.80435187141475
0.31901840490797545,439,0.19228005409240723,lbfgs,42,l2,10000,balanced,0.001612872362170401
0.4662576687116564,397,5.4345009326934814,lbfgs,42,l2,10000,None,96.56060985415496
0.3987730061349693,418,2.949385166168213,lbfgs,42,None,10000,balanced,0.34994516702835693
0.4233128834355828,417,3.2241933345794678,lbfgs,42,None,10000,None,36.81289736425313
0.15337423312883436,435,1.0541741847991943,lbfgs,42,l2,10000,None,0.13489628825916533
0.1901840490797546,433,1.2758750915527344,lbfgs,42,l2,10000,None,0.30732649292042896
0.3987730061349693,421,2.9707894325256348,lbfgs,42,None,10000,balanced,0.18535316234148105
0.13496932515337423,445,0.8606200218200684,lbfgs,42,l2,10000,None,0.009044821490475901
0.3987730061349693,427,2.759556293487549,lbfgs,42,None,10000,balanced,249.11506965638617
0.3987730061349693,424,3.0033926963806152,lbfgs,42,None,10000,balanced,108.74267195462426
0.4233128834355828,425,3.116382122039795,lbfgs,42,None,10000,None,0.05696393733411836
0.4723926380368098,405,4.920913219451904,lbfgs,42,l2,10000,balanced,282.87853879701254
0.4049079754601227,422,3.492520332336426,lbfgs,42,l2,10000,None,2.6595000327215175
0.3987730061349693,428,2.8855929374694824,lbfgs,42,None,10000,balanced,53.45643593969714
0.147239263803681,451,0.9280998706817627,lbfgs,42,l2,10000,None,0.07365462114702305
0.15337423312883436,449,1.1864795684814453,lbfgs,42,l2,10000,None,0.17442149315611752
0.4233128834355828,430,3.2739651203155518,lbfgs,42,None,10000,None,6.729766562843175
0.3987730061349693,432,2.9579718112945557,lbfgs,42,None,10000,balanced,0.0013514500541175587
0.3619631901840491,462,0.2176218032836914,lbfgs,42,l2,10000,balanced,0.0043132040069941615
0.44785276073619634,429,4.4278564453125,lbfgs,42,l2,10000,None,9.664958643142134
0.4233128834355828,436,3.442805528640747,lbfgs,42,None,10000,None,5.277156817648114
0.3987730061349693,440,3.010840892791748,lbfgs,42,None,10000,balanced,9.069847815057921
0.4233128834355828,434,3.5570015907287598,lbfgs,42,None,10000,None,43.09233228186259
0.13496932515337423,459,1.3477938175201416,lbfgs,42,l2,10000,None,0.0012647363474711508
0.3987730061349693,441,3.0142734050750732,lbfgs,42,None,10000,balanced,0.11148078033638414
0.2147239263803681,457,1.9032361507415771,lbfgs,42,l2,10000,None,0.5180837850719928
0.3987730061349693,444,3.142918109893799,lbfgs,42,None,10000,balanced,0.0021557579680386296
0.4233128834355828,442,3.4769721031188965,lbfgs,42,None,10000,None,675.4605666334999
0.4233128834355828,443,3.4832944869995117,lbfgs,42,None,10000,None,0.00789950721335816
0.4233128834355828,446,3.4359841346740723,lbfgs,42,None,10000,None,0.0013970115605412242
0.3987730061349693,450,3.0632236003875732,lbfgs,42,None,10000,balanced,0.00924698173938223
0.4233128834355828,447,3.3611674308776855,lbfgs,42,None,10000,None,0.27365286541924666
0.13496932515337423,470,0.6382365226745605,lbfgs,42,l2,10000,None,0.014348285182325882
0.4233128834355828,448,3.3694355487823486,lbfgs,42,None,10000,None,45.91980128368685
0.3987730061349693,456,2.855854034423828,lbfgs,42,None,10000,balanced,67.0501880162841
0.3987730061349693,454,3.080960273742676,lbfgs,42,None,10000,balanced,0.04773094139287512
0.13496932515337423,465,1.4280078411102295,lbfgs,42,l2,10000,None,0.0012405092300422252
0.3987730061349693,455,3.2401559352874756,lbfgs,42,None,10000,balanced,0.009853715068586181
0.4233128834355828,453,3.4141104221343994,lbfgs,42,None,10000,None,0.001967886289706845
0.3987730061349693,460,2.8847734928131104,lbfgs,42,None,10000,balanced,0.03101701499477688
0.4233128834355828,458,3.4643614292144775,lbfgs,42,None,10000,None,39.12010393873506
0.3987730061349693,461,2.923499822616577,lbfgs,42,None,10000,balanced,37.325015779571984
0.4723926380368098,437,5.109097242355347,lbfgs,42,l2,10000,balanced,39.554873505556216
0.13496932515337423,476,1.183345079421997,lbfgs,42,l2,10000,None,0.0013255618607198583
0.3619631901840491,485,0.24387502670288086,lbfgs,42,l2,10000,balanced,0.004545691935849241
0.4601226993865031,452,4.8025689125061035,lbfgs,42,l2,10000,balanced,56.49369748123023
0.4233128834355828,463,3.3482720851898193,lbfgs,42,None,10000,None,0.04733692033483013
0.18404907975460122,482,1.4237627983093262,lbfgs,42,l2,10000,None,0.2684108083545228
0.3987730061349693,469,2.980020523071289,lbfgs,42,None,10000,balanced,2.1438776659735046
0.31901840490797545,492,0.1997661590576172,lbfgs,42,l2,10000,balanced,0.0033357999666204815
0.3987730061349693,468,3.1054599285125732,lbfgs,42,None,10000,balanced,5.248074602497723
0.4233128834355828,467,3.2245399951934814,lbfgs,42,None,10000,None,1.036573256767004
0.3987730061349693,472,3.0828917026519775,lbfgs,42,None,10000,balanced,0.0020398583002685625
0.3987730061349693,473,3.09000825881958,lbfgs,42,None,10000,balanced,16.84224575082704
0.4233128834355828,471,3.449448823928833,lbfgs,42,None,10000,None,0.006510284984348614
0.3619631901840491,496,0.4860978126525879,lbfgs,42,l2,10000,balanced,0.09212977276685554
0.3987730061349693,477,3.0186429023742676,lbfgs,42,None,10000,balanced,0.03197422303204927
0.31901840490797545,499,0.17765545845031738,lbfgs,42,l2,10000,balanced,0.001362699196994869
0.4233128834355828,475,3.227426767349243,lbfgs,42,None,10000,None,0.07979946872679765
0.48466257668711654,483,2.6008224487304688,lbfgs,42,l2,10000,balanced,2.342070694793824
0.31901840490797545,503,0.18552207946777344,lbfgs,42,l2,10000,balanced,0.0011835864919618605
0.4233128834355828,474,3.48199200630188,lbfgs,42,None,10000,None,0.28840315031266056
0.31901840490797545,505,0.20756101608276367,lbfgs,42,l2,10000,balanced,0.0037359409225879996
0.4233128834355828,480,3.305924892425537,lbfgs,42,None,10000,None,0.11303163247386966
0.3987730061349693,481,3.0047919750213623,lbfgs,42,None,10000,balanced,0.0210087396924099
0.4233128834355828,479,3.3948113918304443,lbfgs,42,None,10000,None,460.0446663934779
0.36809815950920244,501,0.8240659236907959,lbfgs,42,l2,10000,balanced,0.21047474886559756
0.4785276073619632,466,4.7946367263793945,lbfgs,42,l2,10000,balanced,199.15902890576118
0.31901840490797545,512,0.2252340316772461,lbfgs,42,l2,10000,balanced,0.0021144625616525913
0.13496932515337423,504,0.9590237140655518,lbfgs,42,l2,10000,None,0.004349106072324534
0.4110429447852761,500,1.5399067401885986,lbfgs,42,l2,10000,balanced,0.8425583753398256
0.4233128834355828,488,3.475254535675049,lbfgs,42,None,10000,None,12.953883889748884
0.4723926380368098,464,5.572612047195435,lbfgs,42,l2,10000,None,657.0523909635533
0.4233128834355828,489,3.5274038314819336,lbfgs,42,None,10000,None,6.092562597496557
0.4601226993865031,487,3.7234435081481934,lbfgs,42,l2,10000,balanced,261.09586865859285
0.4785276073619632,478,4.82064414024353,lbfgs,42,l2,10000,balanced,37.01689610332344
0.38650306748466257,509,1.6156005859375,lbfgs,42,l2,10000,balanced,0.686752106148818
0.3987730061349693,495,2.9247853755950928,lbfgs,42,None,10000,balanced,9.50604793656281
0.4785276073619632,491,3.354924440383911,lbfgs,42,l2,10000,balanced,5.5924228304089985
0.3987730061349693,494,3.0153214931488037,lbfgs,42,None,10000,balanced,0.00479071130003074
0.4233128834355828,490,3.454273223876953,lbfgs,42,None,10000,None,151.49559320403424
0.48466257668711654,493,3.379361867904663,lbfgs,42,l2,10000,balanced,5.190390101970821
0.3987730061349693,497,3.047278642654419,lbfgs,42,None,10000,balanced,1.408639946361255
0.4233128834355828,513,1.692073106765747,lbfgs,42,l2,10000,balanced,1.0509934271862165
0.4601226993865031,486,5.038589000701904,lbfgs,42,l2,10000,None,28.787238108352508
0.3987730061349693,502,3.0322279930114746,lbfgs,42,None,10000,balanced,0.5899293451041436
0.4233128834355828,498,3.283254861831665,lbfgs,42,None,10000,None,0.03101701499477688
0.3619631901840491,528,0.2720358371734619,lbfgs,42,l2,10000,balanced,0.004817259035591629
0.3619631901840491,531,0.2415447235107422,lbfgs,42,l2,10000,balanced,0.006748387308707573
0.3619631901840491,527,0.5715398788452148,lbfgs,42,l2,10000,balanced,0.12212371301653077
0.4723926380368098,484,5.686150550842285,lbfgs,42,l2,10000,None,89.1250938133744
0.3987730061349693,508,3.0071613788604736,lbfgs,42,None,10000,balanced,10.129779687601005
0.3987730061349693,507,3.139249563217163,lbfgs,42,None,10000,balanced,0.0026816370667607295
0.31901840490797545,535,0.19030547142028809,lbfgs,42,l2,10000,balanced,0.0011868613846449192
0.3987730061349693,510,3.171665906906128,lbfgs,42,None,10000,balanced,65.58431698067272
0.4233128834355828,506,3.466736078262329,lbfgs,42,None,10000,None,0.001806342083169977
0.49079754601226994,517,2.629711151123047,lbfgs,42,l2,10000,balanced,2.509573963702835
0.4233128834355828,511,3.507981777191162,lbfgs,42,None,10000,None,0.04566673896495313
0.4723926380368098,521,2.355062961578369,lbfgs,42,l2,10000,balanced,1.8013578646691397
0.3987730061349693,514,3.3696298599243164,lbfgs,42,None,10000,balanced,0.008325302067492423
0.48466257668711654,516,3.1509323120117188,lbfgs,42,l2,10000,balanced,2.881376434839697
0.3987730061349693,520,2.9455411434173584,lbfgs,42,None,10000,balanced,46.81661397243642
0.3987730061349693,519,3.222367286682129,lbfgs,42,None,10000,balanced,0.038370724549227866
0.3987730061349693,522,2.905132532119751,lbfgs,42,None,10000,balanced,7.98730006111313
0.3987730061349693,524,2.9961183071136475,lbfgs,42,None,10000,balanced,0.10577913224995009
0.3987730061349693,525,2.920093536376953,lbfgs,42,None,10000,balanced,8.51138038202376
0.3987730061349693,523,3.060952663421631,lbfgs,42,None,10000,balanced,0.2625427318993697
0.4723926380368098,530,2.288755178451538,lbfgs,42,l2,10000,balanced,1.7474308552673214
0.4601226993865031,518,4.19999885559082,lbfgs,42,l2,10000,None,938.4259312370167
0.4233128834355828,526,3.4133856296539307,lbfgs,42,None,10000,None,0.011439314495393068
0.3987730061349693,529,3.1048946380615234,lbfgs,42,None,10000,balanced,0.45248063785554815
0.13496932515337423,552,0.8911318778991699,lbfgs,42,l2,10000,None,0.07105587633694735
0.4539877300613497,515,4.864283323287964,lbfgs,42,l2,10000,None,10.884287379435929
0.3619631901840491,554,0.2633531093597412,lbfgs,42,l2,10000,balanced,0.005592422830408999
0.3987730061349693,540,2.8966879844665527,lbfgs,42,None,10000,balanced,0.1975149622060758
0.3987730061349693,539,3.025303602218628,lbfgs,42,None,10000,balanced,0.010529312128434394
0.4233128834355828,537,3.420496702194214,lbfgs,42,None,10000,None,3.1045595881283523
0.4233128834355828,538,3.4228460788726807,lbfgs,42,None,10000,None,0.0019408858775927774
0.3987730061349693,542,3.0163919925689697,lbfgs,42,None,10000,balanced,0.8685603503487762
0.3987730061349693,541,3.155613422393799,lbfgs,42,None,10000,balanced,0.9944890371547918
0.4294478527607362,532,4.252907991409302,lbfgs,42,l2,10000,None,5.219152658354477
0.4723926380368098,549,2.1248767375946045,lbfgs,42,l2,10000,balanced,2.097007578544646
0.3987730061349693,543,2.9315850734710693,lbfgs,42,None,10000,balanced,5.6389728033494935
0.31901840490797545,564,0.14948821067810059,lbfgs,42,l2,10000,balanced,0.0028654972763642395
0.3987730061349693,545,3.103841781616211,lbfgs,42,None,10000,balanced,6.899220098440467
0.3987730061349693,544,3.2210493087768555,lbfgs,42,None,10000,balanced,0.0012508349283740653
0.3987730061349693,547,3.0473546981811523,lbfgs,42,None,10000,balanced,0.09871883010683956
0.4662576687116564,533,4.830012083053589,lbfgs,42,l2,10000,None,181.80256237742628
0.3619631901840491,568,0.7810850143432617,lbfgs,42,l2,10000,balanced,0.1548816618912481
0.49079754601226994,550,3.1240592002868652,lbfgs,42,l2,10000,balanced,4.361139713930644
0.4233128834355828,546,3.584773302078247,lbfgs,42,None,10000,None,0.042736603149693034
0.4233128834355828,551,3.571171998977661,lbfgs,42,None,10000,None,26.940149410636664
0.4601226993865031,536,5.503839731216431,lbfgs,42,l2,10000,balanced,121.11557629827324
0.3987730061349693,556,2.956991672515869,lbfgs,42,None,10000,balanced,3.191537855100758
0.4539877300613497,534,5.925872802734375,lbfgs,42,l2,10000,None,45.91980128368685
0.3987730061349693,557,3.0466933250427246,lbfgs,42,None,10000,balanced,8.749837752274354
0.4601226993865031,563,2.0916457176208496,lbfgs,42,l2,10000,balanced,1.6039838825084167
0.3987730061349693,560,2.9619338512420654,lbfgs,42,None,10000,balanced,0.0687384919590323
0.4233128834355828,558,3.5759778022766113,lbfgs,42,None,10000,None,16.84224575082704
0.3987730061349693,561,3.0239882469177246,lbfgs,42,None,10000,balanced,0.024524490860720193
0.4110429447852761,574,1.6941537857055664,lbfgs,42,l2,10000,balanced,0.951480736351758
0.3987730061349693,562,3.0348126888275146,lbfgs,42,None,10000,balanced,0.2876073628863025
0.4662576687116564,548,5.153359413146973,lbfgs,42,l2,10000,balanced,335.7376142429545
0.4662576687116564,555,4.259461879730225,lbfgs,42,l2,10000,balanced,997.2407117415477
0.3987730061349693,566,2.9099907875061035,lbfgs,42,None,10000,balanced,10.884287379435929
0.3987730061349693,567,3.022512674331665,lbfgs,42,None,10000,balanced,0.10432778814599651
0.3619631901840491,588,0.36541080474853516,lbfgs,42,l2,10000,balanced,0.06594775259494848
0.43558282208588955,553,4.8991382122039795,lbfgs,42,l2,10000,None,6.674212038584765
0.3987730061349693,571,3.1874399185180664,lbfgs,42,None,10000,balanced,0.4984252094042594
0.13496932515337423,590,0.7200620174407959,lbfgs,42,l2,10000,None,0.024389337302789128
0.31901840490797545,594,0.18128418922424316,lbfgs,42,l2,10000,balanced,0.0010984998450583754
0.4049079754601227,572,3.2918148040771484,lbfgs,42,l2,10000,None,2.434445183692199
0.4233128834355828,575,3.454054594039917,lbfgs,42,None,10000,None,60.70158063410442
0.3987730061349693,577,2.8817408084869385,lbfgs,42,None,10000,balanced,0.008534930716135487
0.4233128834355828,573,3.6941492557525635,lbfgs,42,None,10000,None,8.325302067492414
0.4785276073619632,559,5.38353705406189,lbfgs,42,l2,10000,balanced,516.6542425669496
0.3987730061349693,578,2.936788558959961,lbfgs,42,None,10000,balanced,388.68698613730226
0.4233128834355828,576,3.568873643875122,lbfgs,42,None,10000,None,78.05486914662367
0.4539877300613497,565,5.2301459312438965,lbfgs,42,l2,10000,None,74.67925899308828
0.17177914110429449,593,1.468932867050171,lbfgs,42,l2,10000,None,0.24165734514368278
0.4233128834355828,580,3.5531702041625977,lbfgs,42,None,10000,None,502.5739801095905
0.3496932515337423,603,0.23596930503845215,lbfgs,42,l2,10000,balanced,0.008165823713585922
0.4233128834355828,581,3.5202577114105225,lbfgs,42,None,10000,None,5.685910246988546
0.4539877300613497,570,5.189358711242676,lbfgs,42,l2,10000,None,39.44573020752777
0.43558282208588955,579,3.9154059886932373,lbfgs,42,l2,10000,None,4.5331490614641154
0.3987730061349693,585,3.185840368270874,lbfgs,42,None,10000,balanced,0.9700631337839563
0.4233128834355828,582,3.5234057903289795,lbfgs,42,None,10000,None,0.015289736466907098
0.4662576687116564,569,5.5559728145599365,lbfgs,42,l2,10000,None,291.6083798521228
0.3496932515337423,611,0.2035667896270752,lbfgs,42,l2,10000,balanced,0.012291361730601675
0.4233128834355828,584,3.585028886795044,lbfgs,42,None,10000,None,0.004924929296050272
0.4233128834355828,586,3.577162027359009,lbfgs,42,None,10000,None,0.25468302525850395
0.3987730061349693,592,3.038194179534912,lbfgs,42,None,10000,balanced,0.17060823890031226
0.4233128834355828,589,3.6034977436065674,lbfgs,42,None,10000,None,8.143291852092442
0.4233128834355828,587,3.63069486618042,lbfgs,42,None,10000,None,0.026133645761890232
0.3496932515337423,616,0.21411991119384766,lbfgs,42,l2,10000,balanced,0.012918140390030565
0.2331288343558282,601,1.955475091934204,lbfgs,42,l2,10000,None,0.5754399373371566
0.4233128834355828,591,3.409189462661743,lbfgs,42,None,10000,None,12.531411749414156
0.13496932515337423,613,0.7619366645812988,lbfgs,42,l2,10000,None,0.006823386941416697
0.3619631901840491,620,0.5334656238555908,lbfgs,42,l2,10000,balanced,0.08986694950475257
0.3987730061349693,595,3.2179982662200928,lbfgs,42,None,10000,balanced,14.151419329314274
0.13496932515337423,619,0.7299518585205078,lbfgs,42,l2,10000,None,0.0111275614173052
0.3987730061349693,598,3.093174457550049,lbfgs,42,None,10000,balanced,0.0018314708046613508
0.3558282208588957,626,0.22533798217773438,lbfgs,42,l2,10000,balanced,0.01615846120949
0.3619631901840491,623,0.7399234771728516,lbfgs,42,l2,10000,balanced,0.14060475241299128
0.4233128834355828,599,3.469212055206299,lbfgs,42,None,10000,None,23.270193788481617
0.4233128834355828,597,3.6476314067840576,lbfgs,42,None,10000,None,0.4664445252037793
0.4233128834355828,600,3.5074408054351807,lbfgs,42,None,10000,None,408.5074676631243
0.4662576687116564,583,5.946720838546753,lbfgs,42,l2,10000,balanced,95.4992586021435
0.49079754601226994,606,3.019663095474243,lbfgs,42,l2,10000,balanced,2.6302679918953786
0.3987730061349693,610,2.9921905994415283,lbfgs,42,None,10000,balanced,1.8365383433483455
0.3987730061349693,612,3.022434949874878,lbfgs,42,None,10000,balanced,0.6409143566447764
0.3987730061349693,609,3.1859350204467773,lbfgs,42,None,10000,balanced,0.008279421637123344
0.4233128834355828,607,3.537860870361328,lbfgs,42,None,10000,None,16.292960326397214
0.4233128834355828,608,3.5010156631469727,lbfgs,42,None,10000,None,1.2033722711826835
0.294478527607362,622,2.255793333053589,lbfgs,42,l2,10000,None,0.8218640803889046
0.3987730061349693,614,3.074235439300537,lbfgs,42,None,10000,balanced,62.402214213897594
0.3987730061349693,615,3.0136613845825195,lbfgs,42,None,10000,balanced,0.12694044019618023
0.3987730061349693,617,3.0045599937438965,lbfgs,42,None,10000,balanced,0.003872576449216173
0.3987730061349693,618,3.0370471477508545,lbfgs,42,None,10000,balanced,122.80046179887881
0.4723926380368098,602,4.596879243850708,lbfgs,42,l2,10000,balanced,11.066237839776653
0.13496932515337423,635,0.7514443397521973,lbfgs,42,l2,10000,None,0.006350384185040406
0.4662576687116564,596,5.748630523681641,lbfgs,42,l2,10000,None,88.6339287327933
0.4785276073619632,604,4.607309341430664,lbfgs,42,l2,10000,balanced,32.15140824832686
0.4601226993865031,605,4.624075651168823,lbfgs,42,l2,10000,balanced,61.71631684555837
0.4233128834355828,625,3.4543092250823975,lbfgs,42,None,10000,None,0.01426921231579364
0.4723926380368098,621,4.228019714355469,lbfgs,42,l2,10000,balanced,10.046157902783946
0.3987730061349693,630,3.027738332748413,lbfgs,42,None,10000,balanced,709.9046158552865
0.3987730061349693,629,3.1490886211395264,lbfgs,42,None,10000,balanced,1.0539014450691595
0.4785276073619632,624,4.134854078292847,lbfgs,42,l2,10000,balanced,7.684223711000259
0.4233128834355828,628,3.475546360015869,lbfgs,42,None,10000,None,0.006564475019516991
0.3987730061349693,632,3.118527412414551,lbfgs,42,None,10000,balanced,0.13944405388714595
0.3987730061349693,637,2.9419291019439697,lbfgs,42,None,10000,balanced,0.01109685726774124
0.4233128834355828,633,3.603759765625,lbfgs,42,None,10000,None,8.487895030072437
0.3987730061349693,634,3.3372018337249756,lbfgs,42,None,10000,balanced,37.11931900441399
0.3558282208588957,657,0.19259190559387207,lbfgs,42,l2,10000,balanced,0.018146797793969282
0.15337423312883436,651,1.157301664352417,lbfgs,42,l2,10000,None,0.14615039720061632
0.4233128834355828,636,3.371464252471924,lbfgs,42,None,10000,None,3.9482077803788234
0.3987730061349693,641,3.0428049564361572,lbfgs,42,None,10000,balanced,393.00674134185266
0.3987730061349693,642,3.0046534538269043,lbfgs,42,None,10000,balanced,0.0025374646458649645
0.4233128834355828,638,3.5105974674224854,lbfgs,42,None,10000,None,750.2396279074629
0.4233128834355828,639,3.558206081390381,lbfgs,42,None,10000,None,0.017029425618775483
0.3987730061349693,643,3.1480295658111572,lbfgs,42,None,10000,balanced,3.604126286491432
0.4662576687116564,631,4.564621210098267,lbfgs,42,l2,10000,None,134.15287982661243
0.4233128834355828,640,3.5309762954711914,lbfgs,42,None,10000,None,0.004938556196176077
0.13496932515337423,658,0.7199397087097168,lbfgs,42,l2,10000,None,0.035026762691381275
0.3987730061349693,647,3.116581439971924,lbfgs,42,None,10000,balanced,350.9134383585521
0.4233128834355828,644,3.4860994815826416,lbfgs,42,None,10000,None,0.023399145610550995
0.4233128834355828,646,3.5586156845092773,lbfgs,42,None,10000,None,0.07324871326650395
0.36809815950920244,660,1.0055608749389648,lbfgs,42,l2,10000,balanced,0.27441004182565704
0.3619631901840491,668,0.5571496486663818,lbfgs,42,l2,10000,balanced,0.08598050666611744
0.37423312883435583,663,1.0558414459228516,lbfgs,42,l2,10000,balanced,0.41304750199016105
0.4539877300613497,627,6.035379648208618,lbfgs,42,l2,10000,None,53.308934223670136
0.3619631901840491,673,0.7645070552825928,lbfgs,42,l2,10000,balanced,0.16143585568264854
0.22085889570552147,659,1.8822991847991943,lbfgs,42,l2,10000,None,0.5566727981509474
0.4233128834355828,650,3.5223653316497803,lbfgs,42,None,10000,None,11.251229929657658
0.4723926380368098,645,4.9235804080963135,lbfgs,42,l2,10000,balanced,30.171715226017692
0.4233128834355828,652,3.347449779510498,lbfgs,42,None,10000,None,121.11557629827324
0.3987730061349693,654,3.1521310806274414,lbfgs,42,None,10000,balanced,0.014628506869998528
0.3558282208588957,653,3.4217562675476074,lbfgs,42,l2,10000,None,1.8314708046613508
0.4233128834355828,655,3.392878293991089,lbfgs,42,None,10000,None,94.44957325077047
0.4723926380368098,648,4.883687257766724,lbfgs,42,l2,10000,balanced,609.8176639987851
0.3987730061349693,656,3.040804862976074,lbfgs,42,None,10000,balanced,1.268235775555588
0.15950920245398773,676,1.3370144367218018,lbfgs,42,l2,10000,None,0.21047474886559756
0.19631901840490798,678,1.5562477111816406,lbfgs,42,l2,10000,None,0.4317178444709226
0.4233128834355828,661,3.468703508377075,lbfgs,42,None,10000,None,0.011923396878859658
0.49079754601226994,664,3.2822558879852295,lbfgs,42,l2,10000,balanced,4.470951924630435
0.4601226993865031,649,5.091314077377319,lbfgs,42,l2,10000,None,91.3692373681454
0.4233128834355828,662,3.5144543647766113,lbfgs,42,None,10000,None,221.8196419800215
0.4233128834355828,665,3.3931472301483154,lbfgs,42,None,10000,None,0.7798301105232586
0.4233128834355828,667,3.3886430263519287,lbfgs,42,None,10000,None,625.1726927756849
0.19631901840490798,680,1.4977388381958008,lbfgs,42,l2,10000,None,0.4257944535825967
0.3987730061349693,671,3.1080543994903564,lbfgs,42,None,10000,balanced,0.004483322704327333
0.4233128834355828,666,3.5361573696136475,lbfgs,42,None,10000,None,2.5656652970348666
0.3619631901840491,690,0.4529235363006592,lbfgs,42,l2,10000,balanced,0.10461645510220069
0.43558282208588955,670,3.555208444595337,lbfgs,42,l2,10000,None,3.6341261606422264
0.4110429447852761,686,1.5361247062683105,lbfgs,42,l2,10000,balanced,0.8519223264285466
0.4785276073619632,674,3.277665853500366,lbfgs,42,l2,10000,balanced,5.410034068634673
0.4233128834355828,672,3.4800426959991455,lbfgs,42,None,10000,None,0.0013402937734183103
0.13496932515337423,694,0.6622533798217773,lbfgs,42,l2,10000,None,0.01109685726774124
0.3987730061349693,677,2.983788013458252,lbfgs,42,None,10000,balanced,6.8422667276595055
0.36809815950920244,697,0.8779211044311523,lbfgs,42,l2,10000,balanced,0.21697015538008518
0.13496932515337423,702,0.7842600345611572,lbfgs,42,l2,10000,None,0.010500258721108841
0.3987730061349693,681,2.9734914302825928,lbfgs,42,None,10000,balanced,17.99699516577355
0.3987730061349693,682,2.9704155921936035,lbfgs,42,None,10000,balanced,0.015374464569916873
0.4294478527607362,675,4.163724422454834,lbfgs,42,l2,10000,None,5.485295139412029
0.3987730061349693,683,3.0639941692352295,lbfgs,42,None,10000,balanced,0.0039591321672816605
0.1901840490797546,701,1.3446810245513916,lbfgs,42,l2,10000,None,0.3221068791283431
0.4539877300613497,669,5.569811820983887,lbfgs,42,l2,10000,None,55.87274389940195
0.3987730061349693,687,3.2349395751953125,lbfgs,42,None,10000,balanced,0.006692679069358422
0.13496932515337423,707,0.8755085468292236,lbfgs,42,l2,10000,None,0.004979663541644856
0.4785276073619632,685,3.641472816467285,lbfgs,42,l2,10000,balanced,7.943282347242805
0.3987730061349693,691,2.8482773303985596,lbfgs,42,None,10000,balanced,9.246981739382221
0.3987730061349693,692,2.8598196506500244,lbfgs,42,None,10000,balanced,0.20361042011319685
0.4233128834355828,688,3.27272629737854,lbfgs,42,None,10000,None,3.6745147919993952
0.3987730061349693,693,3.0292091369628906,lbfgs,42,None,10000,balanced,364.7539469256073
0.3619631901840491,713,0.5700187683105469,lbfgs,42,l2,10000,balanced,0.11428783347897713
0.4723926380368098,679,4.982213973999023,lbfgs,42,l2,10000,None,430.52661049171013
0.4723926380368098,684,4.6224424839019775,lbfgs,42,l2,10000,balanced,38.4768933893788
0.4233128834355828,695,3.5085837841033936,lbfgs,42,None,10000,None,8.44111855592768
0.294478527607362,705,2.4982290267944336,lbfgs,42,l2,10000,None,0.9972407117415487
0.4233128834355828,698,3.458487033843994,lbfgs,42,None,10000,None,37.53185242379138
0.31901840490797545,724,0.20304155349731445,lbfgs,42,l2,10000,balanced,0.0026595000327215177
0.13496932515337423,720,0.7266359329223633,lbfgs,42,l2,10000,None,0.02153773355662176
0.4233128834355828,699,3.415318250656128,lbfgs,42,None,10000,None,1.452111617587742
0.3619631901840491,723,0.35380053520202637,lbfgs,42,l2,10000,balanced,0.053456435939697136
0.3987730061349693,704,2.9881973266601562,lbfgs,42,None,10000,balanced,49.613515358556924
0.3067484662576687,712,2.2200942039489746,lbfgs,42,l2,10000,None,0.999999999999999
0.4539877300613497,696,4.551739454269409,lbfgs,42,l2,10000,None,9.826525828295306
0.3987730061349693,709,3.201842784881592,lbfgs,42,None,10000,balanced,1.967886289706843
0.4233128834355828,706,3.38618540763855,lbfgs,42,None,10000,None,2.795117053991843
0.4233128834355828,708,3.679717540740967,lbfgs,42,None,10000,None,0.0397740669105028
0.3987730061349693,715,2.975407838821411,lbfgs,42,None,10000,balanced,165.50076287699895
0.4110429447852761,722,2.0619864463806152,lbfgs,42,l2,10000,balanced,0.9972407117415487
0.4662576687116564,689,5.752470016479492,lbfgs,42,l2,10000,None,142.1673931308001
0.4233128834355828,711,3.632707118988037,lbfgs,42,None,10000,None,74.2677043714696
0.13496932515337423,733,0.8787729740142822,lbfgs,42,l2,10000,None,0.006937452139421228
0.3619631901840491,736,0.32794666290283203,lbfgs,42,l2,10000,balanced,0.041802282895403234
0.3987730061349693,716,3.1825063228607178,lbfgs,42,None,10000,balanced,0.0028340010055090954
0.4601226993865031,726,2.1116576194763184,lbfgs,42,l2,10000,balanced,1.4164459272385128
0.4601226993865031,703,5.267834901809692,lbfgs,42,l2,10000,balanced,66.49668571246755
0.3987730061349693,719,3.193458318710327,lbfgs,42,None,10000,balanced,0.004685975353086258
0.43558282208588955,710,4.515709400177002,lbfgs,42,l2,10000,None,7.033961712162466
0.4723926380368098,714,3.862428903579712,lbfgs,42,l2,10000,balanced,10.705328538333607
0.4233128834355828,717,3.6125833988189697,lbfgs,42,None,10000,None,2.3485510240588807
0.3619631901840491,743,0.4191577434539795,lbfgs,42,l2,10000,balanced,0.08433347577642752
0.4723926380368098,700,5.852140665054321,lbfgs,42,l2,10000,None,69.69473963563196
0.4233128834355828,718,3.4449119567871094,lbfgs,42,None,10000,None,731.8127976744553
0.3987730061349693,721,3.0548858642578125,lbfgs,42,None,10000,balanced,37.53185242379138
0.3619631901840491,744,0.4120635986328125,lbfgs,42,l2,10000,balanced,0.07783949326267256
0.13496932515337423,751,0.6727666854858398,lbfgs,42,l2,10000,None,0.020777820975042657
0.4601226993865031,737,1.6501317024230957,lbfgs,42,l2,10000,balanced,1.3740419750125148
0.4233128834355828,727,3.3531575202941895,lbfgs,42,None,10000,None,394.09416073228505
0.18404907975460122,740,1.3808279037475586,lbfgs,42,l2,10000,None,0.2589405105739233
0.3006134969325153,734,2.3577797412872314,lbfgs,42,l2,10000,None,1.02235093850323
0.4233128834355828,729,3.4325790405273438,lbfgs,42,None,10000,None,0.002068235555931765
0.4233128834355828,730,3.450927972793579,lbfgs,42,None,10000,None,0.0111275614173052
0.3558282208588957,756,0.3165605068206787,lbfgs,42,l2,10000,balanced,0.027164392688390823
0.3987730061349693,731,3.096482276916504,lbfgs,42,None,10000,balanced,19.824397628726373
0.3619631901840491,761,0.2657647132873535,lbfgs,42,l2,10000,balanced,0.004583529174381888
0.3987730061349693,732,3.2558820247650146,lbfgs,42,None,10000,balanced,293.22432823031096
0.13496932515337423,755,1.3173985481262207,lbfgs,42,l2,10000,None,0.0011641260294104909
0.31901840490797545,765,0.20072364807128906,lbfgs,42,l2,10000,balanced,0.0014086399463612562
0.4233128834355828,735,3.446401596069336,lbfgs,42,None,10000,None,0.2383416820673152
0.3619631901840491,766,0.25099611282348633,lbfgs,42,l2,10000,balanced,0.00477749234659094
0.4233128834355828,739,3.4597971439361572,lbfgs,42,None,10000,None,0.0046730453963150995
0.3006134969325153,754,2.00034499168396,lbfgs,42,l2,10000,None,0.8448896694845202
0.4233128834355828,741,3.4202842712402344,lbfgs,42,None,10000,None,0.06540335094488949
0.3987730061349693,753,2.8599791526794434,lbfgs,42,None,10000,balanced,60.36705647858439
0.3987730061349693,748,2.984966993331909,lbfgs,42,None,10000,balanced,6.160273583272372
0.3987730061349693,749,2.975461006164551,lbfgs,42,None,10000,balanced,3.8300108122644834
0.4601226993865031,728,5.636052846908569,lbfgs,42,l2,10000,balanced,346.0987254853521
0.3987730061349693,752,3.1359646320343018,lbfgs,42,None,10000,balanced,0.12212371301653077
0.4723926380368098,725,5.865261793136597,lbfgs,42,l2,10000,balanced,640.914356644775
0.4233128834355828,745,3.3807129859924316,lbfgs,42,None,10000,None,0.05465123745198719
0.4233128834355828,746,3.337867021560669,lbfgs,42,None,10000,None,26.20595554733343
0.3619631901840491,772,0.30089306831359863,lbfgs,42,l2,10000,balanced,0.036408266378940075
0.4233128834355828,750,3.3861477375030518,lbfgs,42,None,10000,None,0.005321082592667942
0.147239263803681,769,0.8574447631835938,lbfgs,42,l2,10000,None,0.08226213938831098
0.13496932515337423,770,0.9417383670806885,lbfgs,42,l2,10000,None,0.004397440784473689
0.3987730061349693,759,2.9915199279785156,lbfgs,42,None,10000,balanced,0.019284127756394258
0.19631901840490798,768,1.4763991832733154,lbfgs,42,l2,10000,None,0.37705091583339256
0.31901840490797545,785,0.17608952522277832,lbfgs,42,l2,10000,balanced,0.0010394413751488006
0.4233128834355828,758,3.35495924949646,lbfgs,42,None,10000,None,1.513561248436207
0.4233128834355828,757,3.420018196105957,lbfgs,42,None,10000,None,0.7440463661919196
0.3987730061349693,762,2.9411401748657227,lbfgs,42,None,10000,balanced,0.0011545161169214297
0.3803680981595092,780,1.092406988143921,lbfgs,42,l2,10000,balanced,0.5209547473285548
0.13496932515337423,782,0.9316990375518799,lbfgs,42,l2,10000,None,0.0045331490614641205
0.4723926380368098,742,5.194094896316528,lbfgs,42,l2,10000,None,185.8660202688538
0.4233128834355828,763,3.3827390670776367,lbfgs,42,None,10000,None,1.3073744701631316
0.3619631901840491,791,0.3960573673248291,lbfgs,42,l2,10000,balanced,0.04934009711879577
0.13496932515337423,787,0.7107775211334229,lbfgs,42,l2,10000,None,0.04655860935229589
0.3619631901840491,792,0.3629143238067627,lbfgs,42,l2,10000,balanced,0.06835967668381043
0.4539877300613497,738,5.993208169937134,lbfgs,42,l2,10000,None,57.279603098582925
0.36809815950920244,790,0.7832028865814209,lbfgs,42,l2,10000,balanced,0.3090295432513589
0.4662576687116564,774,2.398736000061035,lbfgs,42,l2,10000,balanced,1.6398344276265362
0.4723926380368098,747,5.616567850112915,lbfgs,42,l2,10000,None,81.58306174490076
0.4233128834355828,767,3.4078547954559326,lbfgs,42,None,10000,None,9.453660459579643
0.4785276073619632,764,4.608537673950195,lbfgs,42,l2,10000,balanced,294.8492313894366
0.4233128834355828,773,3.4121737480163574,lbfgs,42,None,10000,None,8.46447448097699
0.4233128834355828,771,3.5637612342834473,lbfgs,42,None,10000,None,0.0011324003632355566
0.1901840490797546,795,1.417768955230713,lbfgs,42,l2,10000,None,0.35875668303926145
0.3987730061349693,781,3.0858256816864014,lbfgs,42,None,10000,balanced,30.931430109489572
0.4662576687116564,760,5.453258514404297,lbfgs,42,l2,10000,balanced,153.6031068385027
0.4233128834355828,778,3.405515193939209,lbfgs,42,None,10000,None,6.937452139421228
0.4233128834355828,776,3.490691661834717,lbfgs,42,None,10000,None,83.40651974086626
0.3558282208588957,803,0.2672567367553711,lbfgs,42,l2,10000,balanced,0.022761453931416438
0.3987730061349693,783,3.041896104812622,lbfgs,42,None,10000,balanced,0.0013778438433514526
0.4233128834355828,777,3.551257371902466,lbfgs,42,None,10000,None,515.2286445817562
0.4110429447852761,799,1.4056830406188965,lbfgs,42,l2,10000,balanced,0.9890084450210647
0.13496932515337423,806,0.6242728233337402,lbfgs,42,l2,10000,None,0.014791083881682071
0.48466257668711654,788,2.961210012435913,lbfgs,42,l2,10000,balanced,3.400948065121906
0.3987730061349693,786,3.03132700920105,lbfgs,42,None,10000,balanced,0.08693606925094159
0.19631901840490798,801,1.523808240890503,lbfgs,42,l2,10000,None,0.44258837236262644
0.4233128834355828,784,3.321680784225464,lbfgs,42,None,10000,None,0.053456435939697136
0.3496932515337423,817,0.19879913330078125,lbfgs,42,l2,10000,balanced,0.015247547676599154
0.4233128834355828,789,3.410814046859741,lbfgs,42,None,10000,None,0.011005252214205417
0.4601226993865031,775,4.77440881729126,lbfgs,42,l2,10000,balanced,84.33347577642739
0.3987730061349693,793,3.0112531185150146,lbfgs,42,None,10000,balanced,799.4660025203145
0.3987730061349693,797,3.073850154876709,lbfgs,42,None,10000,balanced,367.79007042238624
0.4233128834355828,794,3.405205488204956,lbfgs,42,None,10000,None,0.275169313280879
0.4233128834355828,796,3.442460298538208,lbfgs,42,None,10000,None,0.020267491520989656
0.4601226993865031,779,5.655693292617798,lbfgs,42,l2,10000,None,56.027339479379606
0.4723926380368098,798,4.079071760177612,lbfgs,42,l2,10000,balanced,13.65211695066444
0.3987730061349693,809,2.925701141357422,lbfgs,42,None,10000,balanced,0.01403459872921176
0.4233128834355828,802,3.3897488117218018,lbfgs,42,None,10000,None,0.035026762691381275
0.3987730061349693,807,3.0629849433898926,lbfgs,42,None,10000,balanced,1.509384896654952
0.4233128834355828,804,3.3356692790985107,lbfgs,42,None,10000,None,72.6440418592475
0.3987730061349693,810,3.0367841720581055,lbfgs,42,None,10000,balanced,2.7114400086883093
0.3987730061349693,813,3.021470069885254,lbfgs,42,None,10000,balanced,0.01106623783977666
0.4233128834355828,805,3.455369710922241,lbfgs,42,None,10000,None,1.4763862777538612
0.4233128834355828,812,3.387554407119751,lbfgs,42,None,10000,None,2.572764295346777
0.3987730061349693,814,3.0657403469085693,lbfgs,42,None,10000,balanced,453.7326169379409
0.3987730061349693,815,3.0337982177734375,lbfgs,42,None,10000,balanced,115.23913771994854
0.4233128834355828,811,3.5615952014923096,lbfgs,42,None,10000,None,0.005204751511705226
0.4723926380368098,800,4.914381742477417,lbfgs,42,l2,10000,balanced,321.2180933987979
0.3619631901840491,833,0.653510332107544,lbfgs,42,l2,10000,balanced,0.17013748158991976
0.4233128834355828,816,3.5034451484680176,lbfgs,42,None,10000,None,0.13905928754654445
0.4233128834355828,818,3.4907896518707275,lbfgs,42,None,10000,None,114.60405911366018
0.3987730061349693,820,3.192168951034546,lbfgs,42,None,10000,balanced,0.021597326806893934
0.4662576687116564,808,4.355329990386963,lbfgs,42,l2,10000,balanced,497.0499105762346
0.3987730061349693,822,3.1106603145599365,lbfgs,42,None,10000,balanced,0.0036140986263961316
0.22699386503067484,827,1.8350460529327393,lbfgs,42,l2,10000,None,0.5597576014951099
0.3987730061349693,823,3.107419013977051,lbfgs,42,None,10000,balanced,0.04238381057743498
0.3558282208588957,843,0.35788512229919434,lbfgs,42,l2,10000,balanced,0.026940149410636677
0.3619631901840491,840,0.8183526992797852,lbfgs,42,l2,10000,balanced,0.15747078772898465
0.3987730061349693,824,2.9814343452453613,lbfgs,42,None,10000,balanced,526.7444883319056
0.4233128834355828,821,3.7572412490844727,lbfgs,42,None,10000,None,0.0021144625616525913
0.3987730061349693,825,3.1571898460388184,lbfgs,42,None,10000,balanced,0.05330893422367013
0.13496932515337423,841,0.8927288055419922,lbfgs,42,l2,10000,None,0.008653663429563477
0.4539877300613497,836,1.6608357429504395,lbfgs,42,l2,10000,balanced,1.3664696807404644
0.3496932515337423,851,0.2591056823730469,lbfgs,42,l2,10000,balanced,0.008188417919005117
0.36809815950920244,846,0.8572361469268799,lbfgs,42,l2,10000,balanced,0.2151790570339753
0.3987730061349693,826,3.167496681213379,lbfgs,42,None,10000,balanced,0.7755324957585902
0.13496932515337423,848,0.8617546558380127,lbfgs,42,l2,10000,None,0.07008095316467933
0.48466257668711654,834,2.5091147422790527,lbfgs,42,l2,10000,balanced,2.2782427662500795
0.19631901840490798,845,1.4471707344055176,lbfgs,42,l2,10000,None,0.36475394692560764
0.15337423312883436,852,0.8962092399597168,lbfgs,42,l2,10000,None,0.10636530750764375
0.3987730061349693,830,3.0207674503326416,lbfgs,42,None,10000,balanced,0.3833540007590437
0.37423312883435583,855,0.7994101047515869,lbfgs,42,l2,10000,balanced,0.26693160636242874
0.4233128834355828,829,3.3366918563842773,lbfgs,42,None,10000,None,0.0011481536214968829
0.4233128834355828,828,3.420081377029419,lbfgs,42,None,10000,None,1.3589391171008
0.3987730061349693,835,2.894989013671875,lbfgs,42,None,10000,balanced,64.86344335482374
0.4723926380368098,842,2.4378578662872314,lbfgs,42,l2,10000,balanced,1.8113400926196006
0.3987730061349693,839,2.8906095027923584,lbfgs,42,None,10000,balanced,0.008749837752274364
0.4233128834355828,832,3.571160316467285,lbfgs,42,None,10000,None,100.09214583192957
0.4785276073619632,831,3.745811700820923,lbfgs,42,l2,10000,balanced,9.094943385552947
0.48466257668711654,819,6.0770180225372314,lbfgs,42,l2,10000,balanced,792.8663748785469
0.4233128834355828,838,3.464397668838501,lbfgs,42,None,10000,None,72.24370324363551
0.13496932515337423,867,0.6893100738525391,lbfgs,42,l2,10000,None,0.00759976214361037
0.3987730061349693,847,2.9269678592681885,lbfgs,42,None,10000,balanced,19.390990786148468
0.13496932515337423,870,0.7453317642211914,lbfgs,42,l2,10000,None,0.005959365192559373
0.4233128834355828,844,3.376574993133545,lbfgs,42,None,10000,None,0.07385841781207968
0.3619631901840491,874,0.6782426834106445,lbfgs,42,l2,10000,balanced,0.1382929369795943
0.4539877300613497,864,2.1564738750457764,lbfgs,42,l2,10000,balanced,1.3589391171008
0.13496932515337423,876,0.804746150970459,lbfgs,42,l2,10000,None,0.00755788013680452
0.4233128834355828,854,3.4107625484466553,lbfgs,42,None,10000,None,0.0091453430312046
0.3619631901840491,875,1.040299415588379,lbfgs,42,l2,10000,balanced,0.3394689053800783
0.4233128834355828,853,3.671485185623169,lbfgs,42,None,10000,None,447.5071720476552
0.4233128834355828,856,3.443948984146118,lbfgs,42,None,10000,None,0.021419039907221233
0.4723926380368098,849,4.1103174686431885,lbfgs,42,l2,10000,balanced,10.018437657240257
0.3987730061349693,861,2.957239866256714,lbfgs,42,None,10000,balanced,109.34526967309182
0.4233128834355828,858,3.528013229370117,lbfgs,42,None,10000,None,0.01615846120949
0.4539877300613497,850,4.438974380493164,lbfgs,42,l2,10000,None,21.359938601897916
0.4539877300613497,837,5.57257866859436,lbfgs,42,l2,10000,None,28.157882997103055
0.3987730061349693,863,3.13484787940979,lbfgs,42,None,10000,balanced,1.0423174293933035
0.3987730061349693,862,3.1925430297851562,lbfgs,42,None,10000,balanced,42.50108331760462
0.4233128834355828,860,3.525285243988037,lbfgs,42,None,10000,None,0.00715154704659282
0.4294478527607362,857,3.9231576919555664,lbfgs,42,l2,10000,None,5.262595620803177
0.3558282208588957,890,0.19228100776672363,lbfgs,42,l2,10000,balanced,0.014190575216890919
0.36809815950920244,880,0.8187525272369385,lbfgs,42,l2,10000,balanced,0.2110571162884346
0.4785276073619632,859,3.7041330337524414,lbfgs,42,l2,10000,balanced,8.582227050540146
0.3619631901840491,888,0.2942049503326416,lbfgs,42,l2,10000,balanced,0.03620762177566731
0.3987730061349693,868,3.0206329822540283,lbfgs,42,None,10000,balanced,0.9781377043229854
0.3619631901840491,893,0.37027955055236816,lbfgs,42,l2,10000,balanced,0.06292163512879856
0.4233128834355828,866,3.5392441749572754,lbfgs,42,None,10000,None,153.17927158934143
0.3987730061349693,871,3.15274715423584,lbfgs,42,None,10000,balanced,668.0362046792463
0.15337423312883436,889,1.1201858520507812,lbfgs,42,l2,10000,None,0.14900471117870992
0.3987730061349693,873,3.2166459560394287,lbfgs,42,None,10000,balanced,0.2312064790175594
0.18404907975460122,896,1.3765065670013428,lbfgs,42,l2,10000,None,0.27441004182565704
0.44171779141104295,884,2.186361074447632,lbfgs,42,l2,10000,balanced,1.2268741046383393
0.13496932515337423,899,1.1515171527862549,lbfgs,42,l2,10000,None,0.00210280983703774
0.44785276073619634,885,2.1626033782958984,lbfgs,42,l2,10000,balanced,1.247383514242942
0.2392638036809816,882,2.3935000896453857,lbfgs,42,l2,10000,None,0.6409143566447764
0.4662576687116564,869,4.89180326461792,lbfgs,42,l2,10000,balanced,146.96028989796488
0.4723926380368098,872,4.62592339515686,lbfgs,42,l2,10000,balanced,90.11560443397038
0.3987730061349693,883,2.9757440090179443,lbfgs,42,None,10000,balanced,0.006025595860743574
0.13496932515337423,906,0.6743302345275879,lbfgs,42,l2,10000,None,0.02792543841237338
0.4723926380368098,865,5.49077033996582,lbfgs,42,l2,10000,balanced,371.8775833249351
0.48466257668711654,897,2.1370551586151123,lbfgs,42,l2,10000,balanced,2.2532013356294827
0.4233128834355828,878,3.6711602210998535,lbfgs,42,None,10000,None,2.881376434839697
0.4233128834355828,879,3.726961374282837,lbfgs,42,None,10000,None,0.11056050150387027
0.3987730061349693,886,3.1813862323760986,lbfgs,42,None,10000,balanced,2.2532013356294827
0.13496932515337423,912,0.6996941566467285,lbfgs,42,l2,10000,None,0.05086276903064366
0.3987730061349693,895,3.0901482105255127,lbfgs,42,None,10000,balanced,1.8213776371047783
0.4233128834355828,887,3.5105111598968506,lbfgs,42,None,10000,None,0.1894959794743547
0.13496932515337423,914,0.6245415210723877,lbfgs,42,l2,10000,None,0.016383247796286388
0.4233128834355828,891,3.5585989952087402,lbfgs,42,None,10000,None,0.008325302067492423
0.3987730061349693,898,3.1279594898223877,lbfgs,42,None,10000,balanced,0.6031148196178171
0.3067484662576687,901,2.678483009338379,lbfgs,42,l2,10000,None,1.1418261895482222
0.4233128834355828,892,3.702951669692993,lbfgs,42,None,10000,None,6.228737089440282
0.3987730061349693,900,3.0094449520111084,lbfgs,42,None,10000,balanced,1.7474308552673214
0.4785276073619632,877,4.92445969581604,lbfgs,42,l2,10000,balanced,31.622776601683793
0.3987730061349693,894,3.845677375793457,lbfgs,42,l2,10000,None,2.3485510240588807
0.13496932515337423,926,0.7345976829528809,lbfgs,42,l2,10000,None,0.013995873225726178
0.4662576687116564,881,5.292559623718262,lbfgs,42,l2,10000,None,673.5967762229419
0.4233128834355828,902,3.440981864929199,lbfgs,42,None,10000,None,0.8061205638638904
0.3987730061349693,905,3.224062919616699,lbfgs,42,None,10000,balanced,1.7571142465950933
0.3987730061349693,907,3.2135121822357178,lbfgs,42,None,10000,balanced,0.7399459543127236
0.4233128834355828,903,3.6083076000213623,lbfgs,42,None,10000,None,2.441181106054887
0.3987730061349693,911,3.0696187019348145,lbfgs,42,None,10000,balanced,0.004070052394402335
0.3987730061349693,913,3.2118430137634277,lbfgs,42,None,10000,balanced,31.017014994776897
0.3987730061349693,915,3.1784613132476807,lbfgs,42,None,10000,balanced,115.5579955402127
0.13496932515337423,933,0.9038169384002686,lbfgs,42,l2,10000,None,0.005262595620803182
0.4662576687116564,904,4.5027172565460205,lbfgs,42,l2,10000,balanced,14.709570767969748
0.4785276073619632,909,3.9924213886260986,lbfgs,42,l2,10000,balanced,9.479818010107177
0.4233128834355828,916,3.5629279613494873,lbfgs,42,None,10000,None,20.32357010936221
0.4233128834355828,918,3.284417152404785,lbfgs,42,None,10000,None,31.102836686851422
0.4662576687116564,908,4.402058362960815,lbfgs,42,l2,10000,balanced,300.6076302628229
0.3987730061349693,920,3.2658865451812744,lbfgs,42,None,10000,balanced,0.003299134337888642
0.3619631901840491,942,0.2611122131347656,lbfgs,42,l2,10000,balanced,0.00471194269420276
0.4662576687116564,910,4.565670728683472,lbfgs,42,l2,10000,balanced,96.02846792093796
0.3987730061349693,927,3.0419957637786865,lbfgs,42,None,10000,balanced,0.1894959794743547
0.4233128834355828,925,3.3255789279937744,lbfgs,42,None,10000,None,0.07184557087925965
0.13496932515337423,943,0.7837026119232178,lbfgs,42,l2,10000,None,0.024456820721043725
0.13496932515337423,946,0.6348330974578857,lbfgs,42,l2,10000,None,0.03033891184194269
0.43558282208588955,917,4.47700572013855,lbfgs,42,l2,10000,None,4.277598314820376
0.18404907975460122,938,1.4961748123168945,lbfgs,42,l2,10000,None,0.2876073628863025
0.1901840490797546,941,1.3484561443328857,lbfgs,42,l2,10000,None,0.3293062701752084
0.3987730061349693,931,3.015620708465576,lbfgs,42,None,10000,balanced,51.713031791696245
0.3987730061349693,932,3.0071589946746826,lbfgs,42,None,10000,balanced,0.023790304458806238
0.4233128834355828,928,3.4435980319976807,lbfgs,42,None,10000,None,0.0019089739411235064
0.4723926380368098,922,4.484118700027466,lbfgs,42,l2,10000,balanced,167.80310782909532
0.4233128834355828,930,3.3572022914886475,lbfgs,42,None,10000,None,0.022824433121735023
0.36809815950920244,952,0.24939513206481934,lbfgs,42,l2,10000,balanced,0.0059265233524021564
0.3067484662576687,934,2.699610710144043,lbfgs,42,l2,10000,None,1.164126029410491
0.19631901840490798,939,1.9130547046661377,lbfgs,42,l2,10000,None,0.44381298030813854
0.13496932515337423,951,0.6166536808013916,lbfgs,42,l2,10000,None,0.06036705647858448
0.3987730061349693,935,3.0121281147003174,lbfgs,42,None,10000,balanced,0.18433168795057528
0.4662576687116564,924,5.061192512512207,lbfgs,42,l2,10000,None,700.1643593729736
0.13496932515337423,950,1.066932201385498,lbfgs,42,l2,10000,None,0.0027951170539918455
0.4601226993865031,923,5.2259533405303955,lbfgs,42,l2,10000,None,19.230917289101576
0.4785276073619632,921,5.384631395339966,lbfgs,42,l2,10000,balanced,38.904514499428046
0.4662576687116564,919,6.118032217025757,lbfgs,42,l2,10000,None,474.24198526024384
0.4233128834355828,937,3.4130966663360596,lbfgs,42,None,10000,None,0.008511380382023759
0.3987730061349693,940,3.043492317199707,lbfgs,42,None,10000,balanced,0.0504428945952414
0.13496932515337423,966,0.7318825721740723,lbfgs,42,l2,10000,None,0.04043896205078194
0.3987730061349693,944,3.1662464141845703,lbfgs,42,None,10000,balanced,0.10784499632938317
0.4539877300613497,929,5.5956432819366455,lbfgs,42,l2,10000,None,25.562304271125427
0.4233128834355828,945,3.2513668537139893,lbfgs,42,None,10000,None,705.9923578936668
0.13496932515337423,969,0.9905741214752197,lbfgs,42,l2,10000,None,0.003715352290971724
0.3987730061349693,953,2.9358162879943848,lbfgs,42,None,10000,balanced,0.032329575336809406
0.4233128834355828,948,3.42126727104187,lbfgs,42,None,10000,None,0.008211074640850875
0.3619631901840491,971,0.824307918548584,lbfgs,42,l2,10000,balanced,0.20816130409176395
0.3987730061349693,959,2.838967800140381,lbfgs,42,None,10000,balanced,0.01088428737943594
0.4662576687116564,947,4.042896509170532,lbfgs,42,l2,10000,None,24.59234823846229
0.3987730061349693,956,2.992847442626953,lbfgs,42,None,10000,balanced,7.392647526562264
0.4233128834355828,949,3.4949417114257812,lbfgs,42,None,10000,None,0.0018984536566615039
0.3987730061349693,955,3.0987281799316406,lbfgs,42,None,10000,balanced,0.026940149410636677
0.4662576687116564,936,5.14482045173645,lbfgs,42,l2,10000,balanced,466.4445252037788
0.4233128834355828,954,3.280608892440796,lbfgs,42,None,10000,None,0.020720488977590032
0.3987730061349693,961,2.9624438285827637,lbfgs,42,None,10000,balanced,0.0028575905433749467
0.3619631901840491,978,0.28206300735473633,lbfgs,42,l2,10000,balanced,0.004938556196176077
0.3619631901840491,974,0.8259551525115967,lbfgs,42,l2,10000,balanced,0.19915902890576118
0.4233128834355828,960,3.4241766929626465,lbfgs,42,None,10000,None,779.8301105232578
0.3987730061349693,962,3.0963170528411865,lbfgs,42,None,10000,balanced,419.9523346640656
0.4233128834355828,963,3.432462692260742,lbfgs,42,None,10000,None,15.121678487917665
0.4233128834355828,964,3.418614387512207,lbfgs,42,None,10000,None,3.505903839326123
0.4233128834355828,965,3.422468662261963,lbfgs,42,None,10000,None,0.01770108958317421
0.3987730061349693,967,3.0157601833343506,lbfgs,42,None,10000,balanced,0.5081594425605604
0.3987730061349693,968,3.053335666656494,lbfgs,42,None,10000,balanced,1.2542958923023173
0.3987730061349693,970,3.155543565750122,lbfgs,42,None,10000,balanced,0.009170647491149314
0.4539877300613497,957,5.102762699127197,lbfgs,42,l2,10000,None,31.188895840939352
0.4723926380368098,981,2.2293972969055176,lbfgs,42,l2,10000,balanced,1.8620871366628655
0.4233128834355828,973,3.4227163791656494,lbfgs,42,None,10000,None,8.256576326213263
0.4723926380368098,958,5.692955255508423,lbfgs,42,l2,10000,None,184.33168795057512
0.3987730061349693,979,3.1503379344940186,lbfgs,42,None,10000,balanced,0.0020007830521523912
0.3987730061349693,985,2.905001640319824,lbfgs,42,None,10000,balanced,0.010705328538333617
0.3987730061349693,982,3.06736159324646,lbfgs,42,None,10000,balanced,0.0039156151483961165
0.3987730061349693,983,3.0317251682281494,lbfgs,42,None,10000,balanced,1.7139573075084236
0.4233128834355828,976,3.2904183864593506,lbfgs,42,None,10000,None,0.03805397250027087
0.4233128834355828,975,3.4400501251220703,lbfgs,42,None,10000,None,15.980854594730907
0.4233128834355828,977,3.463176965713501,lbfgs,42,None,10000,None,1.8314708046613508
0.4723926380368098,980,3.422517776489258,lbfgs,42,l2,10000,balanced,13.316803762699799
0.4233128834355828,987,3.16365122795105,lbfgs,42,None,10000,None,158.78153642056125
0.3987730061349693,989,2.776907444000244,lbfgs,42,None,10000,balanced,0.024456820721043725
0.4233128834355828,986,3.3215701580047607,lbfgs,42,None,10000,None,994.4890371547907
0.48466257668711654,993,2.410372734069824,lbfgs,42,l2,10000,balanced,2.3163276959874466
0.3987730061349693,991,2.640599012374878,lbfgs,42,None,10000,balanced,0.20417379446695275
0.4233128834355828,988,3.1963768005371094,lbfgs,42,None,10000,None,0.008076068613289758
0.4601226993865031,972,4.7458741664886475,lbfgs,42,l2,10000,None,18.450154191794738
0.4233128834355828,990,2.7924511432647705,lbfgs,42,None,10000,None,0.0033915638690582197
0.3987730061349693,994,2.4424993991851807,lbfgs,42,None,10000,balanced,13.353650333271846
0.4723926380368098,984,3.7319982051849365,lbfgs,42,l2,10000,balanced,19.552396696208866
0.4233128834355828,992,2.743375062942505,lbfgs,42,None,10000,None,0.007769623959921388
0.3987730061349693,995,2.3073313236236572,lbfgs,42,None,10000,balanced,0.34040818970100056
0.3987730061349693,996,1.9336638450622559,lbfgs,42,None,10000,balanced,3.1045595881283523
0.3987730061349693,998,1.614497184753418,lbfgs,42,None,10000,balanced,161.43585568264837
0.4233128834355828,997,1.9487574100494385,lbfgs,42,None,10000,None,0.02606153549998895
0.4233128834355828,999,1.603348970413208,lbfgs,42,None,10000,None,24.86566051307934
