accuracy,iteration,time,random_state,n_estimators,min_samples_split,min_samples_leaf,max_features,max_depth,bootstrap
0.3374233128834356,10,1.2819995880126953,42,21,4,5,0.010099,22,False
0.18404907975460122,22,5.1134352684021,42,154,6,5,0.1350865,2,True
0.4171779141104294,24,13.438652038574219,42,23,8,8,0.5000500000000001,7,True
0.15337423312883436,26,3.143531560897827,42,107,5,4,0.24257575,1,False
0.2085889570552147,9,20.637526750564575,42,275,2,1,0.2650735,2,False
0.44785276073619634,17,21.339070796966553,42,118,9,9,0.06009400000000001,14,False
0.4539877300613497,8,34.36303496360779,42,22,8,2,0.62253775,30,True
0.3067484662576687,11,39.63460922241211,42,73,7,1,0.69753025,4,False
0.5276073619631901,15,46.05672478675842,42,37,7,2,0.3050695,23,False
0.4539877300613497,27,40.18056845664978,42,147,9,6,0.12758725,14,True
0.3128834355828221,32,14.996163129806519,42,79,4,4,0.30756925,4,True
0.4785276073619632,25,76.01842093467712,42,52,5,8,0.8750125000000001,33,True
0.4723926380368098,20,87.09331560134888,42,49,7,4,0.8150185000000001,33,True
0.38650306748466257,12,87.86622071266174,42,358,6,4,0.230077,6,True
0.44171779141104295,13,97.13379764556885,42,390,8,1,0.08009200000000001,17,True
0.4539877300613497,35,30.46359658241272,42,34,5,10,0.56754325,32,True
0.2331288343558282,39,2.505640745162964,42,352,10,10,0.010099,4,True
0.44171779141104295,34,52.985087156295776,42,321,2,4,0.06259375,14,True
0.4110429447852761,4,121.14991307258606,42,333,10,2,0.24757525000000002,6,False
0.49079754601226994,16,121.9836413860321,42,165,6,1,0.23257675,None,True
0.44171779141104295,3,127.00719738006592,42,199,5,7,0.32756725000000003,29,True
0.49693251533742333,14,131.26445126533508,42,122,4,2,0.230077,26,False
0.4110429447852761,5,135.1926121711731,42,376,6,3,0.240076,6,False
0.44785276073619634,2,135.95915484428406,42,71,6,4,0.880012,29,True
0.4171779141104294,21,199.44178700447083,42,337,5,6,0.49505050000000006,7,True
0.4171779141104294,28,181.57603001594543,42,141,4,10,0.49255075000000004,29,False
0.3128834355828221,41,97.01525735855103,42,201,10,7,0.8350165,4,True
0.5030674846625767,6,231.0065188407898,42,253,3,1,0.2750725,30,True
0.4233128834355828,48,41.58529996871948,42,47,9,2,0.31006900000000004,33,True
0.44785276073619634,42,122.62569999694824,42,132,7,10,0.57754225,29,True
0.4233128834355828,49,60.55419921875,42,79,6,2,0.41255875000000003,10,True
0.48466257668711654,40,155.6838653087616,42,360,8,4,0.16258375,19,True
0.4723926380368098,46,142.74218010902405,42,92,7,5,0.5000500000000001,14,False
0.3558282208588957,55,19.831474781036377,42,245,3,4,0.07259275000000001,6,True
0.49079754601226994,51,67.3117413520813,42,48,2,4,0.37006300000000003,37,False
0.4601226993865031,7,317.2491657733917,42,227,6,2,0.590041,17,True
0.4233128834355828,37,231.45093727111816,42,156,2,7,0.6425357500000001,10,False
0.4785276073619632,52,78.53421878814697,42,108,7,1,0.18758125,14,False
0.48466257668711654,29,300.4044728279114,42,335,9,6,0.43755625000000004,27,True
0.44171779141104295,58,27.226773500442505,42,32,9,9,0.5000500000000001,20,True
0.38650306748466257,23,332.519296169281,42,356,9,8,0.9850015000000001,6,True
0.4539877300613497,0,336.7740650177002,42,192,7,4,0.55254475,14,False
0.44171779141104295,53,94.67960405349731,42,222,8,10,0.2150785,8,False
0.44785276073619634,60,27.813916444778442,42,41,3,9,0.48005200000000003,9,True
0.5153374233128835,57,61.931334018707275,42,151,4,1,0.14258575,14,True
0.4539877300613497,50,170.47471737861633,42,124,10,3,0.50254975,11,False
0.34355828220858897,69,0.746769905090332,42,17,7,5,0.0150985,12,True
0.4723926380368098,19,398.8826916217804,42,389,2,8,0.57754225,35,True
0.39263803680981596,66,62.16770267486572,42,196,5,9,0.3050695,6,True
0.44785276073619634,63,104.79346013069153,42,69,9,6,0.8000200000000001,26,True
0.1656441717791411,73,5.835474967956543,42,74,3,10,0.6775322500000001,1,False
0.5153374233128835,1,438.5311584472656,42,365,5,1,0.25757425,29,False
0.4601226993865031,61,123.83185052871704,42,108,8,8,0.64753525,29,True
0.4294478527607362,74,20.00137710571289,42,192,7,10,0.04509550000000001,9,False
0.4785276073619632,33,418.9947621822357,42,183,8,3,0.9900010000000001,27,True
0.15337423312883436,78,4.235332012176514,42,67,9,10,0.6700330000000001,1,True
0.294478527607362,76,39.37716341018677,42,89,5,5,0.7350265,4,True
0.4539877300613497,71,110.49197936058044,42,138,3,7,0.41255875000000003,32,True
0.4662576687116564,70,129.15151953697205,42,157,6,1,0.270073,26,True
0.15337423312883436,82,0.41786956787109375,42,269,6,5,0.0001,23,False
0.3067484662576687,79,52.56911540031433,42,332,6,5,0.260074,4,True
0.44785276073619634,47,400.51783299446106,42,257,7,9,0.9600040000000001,36,True
0.4601226993865031,18,537.577205657959,42,353,7,7,0.54254575,14,False
0.4601226993865031,64,214.03044056892395,42,347,5,8,0.330067,21,True
0.44171779141104295,72,157.60490465164185,42,91,10,1,0.93250675,12,True
0.4662576687116564,38,468.4675295352936,42,347,10,6,0.70003,19,True
0.4601226993865031,67,221.83334636688232,42,148,4,1,0.69753025,13,True
0.4110429447852761,88,12.062942028045654,42,18,5,7,0.33756625,37,True
0.49693251533742333,30,540.8501353263855,42,242,2,2,0.8550145000000001,35,True
0.49079754601226994,54,322.06471610069275,42,224,7,1,0.33506650000000004,36,False
0.49079754601226994,77,145.594482421875,42,219,2,5,0.17758225,19,False
0.4110429447852761,87,56.28219223022461,42,349,2,10,0.08509150000000001,35,True
0.48466257668711654,80,133.60752034187317,42,210,8,9,0.2150785,19,False
0.4601226993865031,65,280.38382172584534,42,283,7,9,0.350065,18,False
0.4294478527607362,94,16.831374406814575,42,16,8,10,0.64753525,27,True
0.4785276073619632,84,86.76704382896423,42,376,10,5,0.08509150000000001,32,True
0.4723926380368098,31,586.4717085361481,42,350,5,4,0.47005300000000005,19,False
0.44785276073619634,90,60.36920142173767,42,98,6,4,0.2450755,19,True
0.2822085889570552,86,93.89176774024963,42,159,8,1,0.7550245000000001,4,False
0.3067484662576687,45,557.402863740921,42,166,6,4,0.9975002500000001,31,False
0.4662576687116564,89,129.3454782962799,42,89,9,9,0.8950105,28,True
0.4723926380368098,91,125.24219346046448,42,319,2,3,0.130087,10,False
0.4723926380368098,97,85.24509119987488,42,177,8,6,0.2150785,36,True
0.37423312883435583,62,384.9659457206726,42,165,4,8,0.8300170000000001,27,False
0.43558282208588955,81,207.3566837310791,42,81,2,2,0.64753525,21,False
0.3374233128834356,68,375.30479407310486,42,143,3,7,0.9025097500000001,33,False
0.31901840490797545,43,610.7337620258331,42,240,8,8,0.9275072500000001,28,False
0.44785276073619634,36,646.1436414718628,42,392,8,7,0.6050395000000001,13,False
0.5030674846625767,83,223.38147354125977,42,189,2,6,0.35256475000000004,28,False
0.49079754601226994,102,110.0038812160492,42,57,6,2,0.46755325000000003,30,False
0.4233128834355828,113,8.966107845306396,42,29,5,9,0.15758425,19,True
0.4723926380368098,75,317.1062092781067,42,340,7,10,0.5750425,22,True
0.4723926380368098,92,188.92308831214905,42,351,6,10,0.2450755,9,False
0.15337423312883436,116,2.693678140640259,42,110,3,6,0.19258075,1,False
0.25153374233128833,114,22.0645751953125,42,162,7,1,0.5950405000000001,2,True
0.4233128834355828,111,42.25772213935852,42,60,7,10,0.5150485,9,True
0.4110429447852761,109,59.3707435131073,42,35,5,3,0.6750325,32,True
0.3987730061349693,108,71.64053797721863,42,85,4,5,0.69753025,7,True
0.4049079754601227,119,14.698385238647461,42,117,5,7,0.06009400000000001,12,True
0.44785276073619634,104,107.71381855010986,42,269,6,10,0.240076,12,True
0.5276073619631901,100,179.9460117816925,42,265,7,3,0.14758525,26,False
0.4662576687116564,107,102.87681913375854,42,75,3,4,0.5825417500000001,33,True
0.38650306748466257,44,693.3096702098846,42,325,9,8,0.7950205,14,False
0.4601226993865031,93,235.8603069782257,42,145,3,7,0.5350465000000001,28,False
0.38650306748466257,105,126.34001159667969,42,144,7,6,0.8850115000000001,6,True
0.4785276073619632,115,74.08487272262573,42,121,10,9,0.20757925000000002,18,False
0.4539877300613497,110,98.75756883621216,42,386,9,10,0.08509150000000001,20,False
0.5214723926380368,85,302.5534908771515,42,274,2,3,0.42255775,22,True
0.4785276073619632,118,83.18453907966614,42,52,4,3,0.62253775,31,True
0.4539877300613497,128,59.04755616188049,42,49,5,1,0.40006,40,True
0.4601226993865031,96,274.4871015548706,42,296,2,9,0.5450455000000001,18,True
0.4785276073619632,123,97.77989912033081,42,136,7,5,0.31006900000000004,23,True
0.39263803680981596,135,1.249817132949829,42,12,8,7,0.025097500000000002,28,False
0.4785276073619632,131,69.2050051689148,42,37,4,1,0.50254975,15,False
0.4539877300613497,101,284.0903661251068,42,314,4,10,0.5550445,18,True
0.1901840490797546,138,2.0110037326812744,42,78,3,6,0.10009000000000001,2,True
0.43558282208588955,137,19.384423971176147,42,54,3,6,0.15258475,None,True
0.48466257668711654,130,98.01450681686401,42,215,4,9,0.150085,25,False
0.4171779141104294,134,41.658782958984375,42,75,4,10,0.3250675,33,True
0.4723926380368098,117,178.58550643920898,42,96,3,4,0.49755025,34,False
0.26993865030674846,140,19.996813774108887,42,199,3,8,0.25007500000000005,3,True
0.4539877300613497,129,134.19709539413452,42,79,7,7,0.9500050000000001,31,True
0.44785276073619634,98,350.59262919425964,42,201,10,7,0.5800420000000001,23,False
0.4662576687116564,122,204.89358568191528,42,262,10,10,0.28757125,28,False
0.24539877300613497,136,96.33736848831177,42,268,10,7,0.7275272500000001,3,False
0.4662576687116564,112,284.2455840110779,42,337,10,10,0.30756925,None,False
0.4662576687116564,143,87.90652370452881,42,117,8,10,0.2750725,17,False
0.49693251533742333,148,71.52046060562134,42,72,6,4,0.25007500000000005,25,False
0.4539877300613497,141,145.29166293144226,42,277,5,7,0.320068,10,True
0.44171779141104295,121,298.9788839817047,42,210,9,8,0.49505050000000006,20,False
0.49079754601226994,144,161.02099180221558,42,273,7,7,0.29757025000000004,36,True
0.31901840490797545,146,159.27147269248962,42,63,3,8,0.9350065000000001,32,False
0.4233128834355828,95,564.6875867843628,42,330,10,10,0.6575342500000001,None,False
0.4723926380368098,151,114.30095028877258,42,78,4,7,0.48255175000000006,20,False
0.37423312883435583,106,498.78448700904846,42,201,8,6,0.8000200000000001,22,False
0.3067484662576687,126,389.37073731422424,42,273,9,2,0.8275172500000001,7,False
0.5030674846625767,120,425.98433446884155,42,267,3,3,0.39256075,36,False
0.44785276073619634,132,367.3705461025238,42,265,6,8,0.9150085000000001,11,True
0.3987730061349693,149,210.4382402896881,42,383,2,5,0.6900310000000001,5,True
0.4723926380368098,103,558.031192779541,42,279,5,4,0.550045,36,False
0.44171779141104295,159,47.63343620300293,42,133,9,1,0.16758325000000002,11,True
0.4601226993865031,161,34.502063035964966,42,79,3,5,0.17758225,33,True
0.25153374233128833,164,0.4869678020477295,42,72,8,9,0.00259975,10,True
0.49693251533742333,127,439.1745021343231,42,338,2,6,0.660034,37,True
0.36809815950920244,160,48.82886481285095,42,23,5,9,0.7950205,39,False
0.2331288343558282,158,69.61876654624939,42,165,4,2,0.8500150000000001,3,False
0.4723926380368098,163,43.680357933044434,42,31,4,1,0.590041,15,True
0.3496932515337423,170,11.61970829963684,42,358,5,7,0.01259875,16,True
0.4539877300613497,124,501.05363059043884,42,298,2,7,0.94250575,29,True
0.49693251533742333,142,374.8217525482178,42,396,4,5,0.26257375,26,False
0.4171779141104294,169,36.13156700134277,42,65,10,6,0.36506350000000004,9,True
0.4723926380368098,157,129.42096066474915,42,153,10,8,0.28257175,23,False
0.4601226993865031,156,154.68892621994019,42,94,10,1,0.45005500000000004,18,False
0.49693251533742333,150,292.4299669265747,42,234,10,4,0.5950405000000001,17,True
0.4662576687116564,173,29.22546124458313,42,72,9,3,0.12758725,11,False
0.4601226993865031,177,23.328242778778076,42,25,3,9,0.33506650000000004,32,False
0.43558282208588955,172,43.69070243835449,42,305,2,8,0.06759325000000001,28,True
0.2085889570552147,168,95.79534220695496,42,394,4,6,0.88251175,2,False
0.31901840490797545,59,1046.8017947673798,42,385,4,7,0.9850015000000001,14,False
0.4601226993865031,133,483.08677554130554,42,323,4,10,0.9750025000000001,36,True
0.50920245398773,155,240.43881154060364,42,223,4,3,0.25007500000000005,35,False
0.4662576687116564,174,62.55782961845398,42,51,3,3,0.4850515,24,True
0.24539877300613497,184,5.313715696334839,42,48,8,7,0.48005200000000003,2,True
0.4785276073619632,175,72.87864923477173,42,111,9,9,0.22757725,38,False
0.4723926380368098,152,319.53509068489075,42,204,6,2,0.65253475,19,True
0.4662576687116564,188,17.80962038040161,42,17,7,6,0.5250475,27,True
0.4723926380368098,178,92.5807945728302,42,290,9,10,0.110089,28,False
0.4785276073619632,179,86.85297179222107,42,311,4,1,0.06509350000000001,40,True
0.26380368098159507,191,1.2884581089019775,42,78,7,6,0.01759825,5,True
0.4294478527607362,182,87.2048499584198,42,155,5,10,0.34006600000000003,27,True
0.3128834355828221,183,116.22353649139404,42,233,10,2,0.6450355000000001,4,False
0.4601226993865031,187,111.14970016479492,42,183,5,7,0.3450655,12,True
0.294478527607362,56,1232.1647906303406,42,396,5,5,0.9775022500000001,21,False
0.5214723926380368,171,212.5486924648285,42,154,5,1,0.3050695,32,False
0.3312883435582822,192,89.82213139533997,42,38,8,10,0.9475052500000001,22,False
0.4294478527607362,196,22.517799615859985,42,74,4,5,0.12258775000000001,29,True
0.3006134969325153,139,617.1190822124481,42,360,8,4,0.8675132500000001,8,False
0.44171779141104295,145,571.4720692634583,42,373,9,10,0.590041,40,False
0.294478527607362,193,100.50551867485046,42,400,7,10,0.660034,3,True
0.48466257668711654,180,226.66570925712585,42,237,2,5,0.43755625000000004,40,True
0.43558282208588955,203,9.148798704147339,42,12,5,6,0.36256375,34,True
0.17791411042944785,195,96.91835021972656,42,365,6,5,0.96750325,2,False
0.4662576687116564,204,34.66937851905823,42,29,7,4,0.31506850000000003,22,False
0.4662576687116564,181,284.94455218315125,42,213,4,4,0.8350165,10,True
0.39263803680981596,199,109.36768913269043,42,366,7,6,0.37256275,5,True
0.4662576687116564,166,384.8439230918884,42,248,3,8,0.550045,31,False
0.48466257668711654,202,95.41969156265259,42,102,3,4,0.23257675,30,False
0.43558282208588955,207,20.374312162399292,42,62,9,10,0.11258875000000002,37,False
0.4785276073619632,162,448.0570707321167,42,358,8,10,0.810019,None,True
0.4601226993865031,205,85.48968553543091,42,96,7,8,0.550045,12,True
0.3067484662576687,212,1.8795859813690186,42,63,4,5,0.03259675000000001,5,True
0.37423312883435583,198,170.87845945358276,42,59,2,2,0.8275172500000001,16,False
0.4723926380368098,165,441.0681562423706,42,353,9,7,0.68753125,40,True
0.49079754601226994,201,172.02712535858154,42,236,3,2,0.2050795,12,False
0.3987730061349693,209,65.84334063529968,42,81,9,2,0.45005500000000004,7,False
0.37423312883435583,189,319.1535828113556,42,168,8,9,0.7750225000000001,12,False
0.5030674846625767,186,368.8198368549347,42,296,2,2,0.30007,18,False
0.39263803680981596,154,677.3779904842377,42,272,3,5,0.7675232500000001,33,False
0.4539877300613497,185,430.4369490146637,42,320,4,8,0.4850515,15,False
0.17177914110429449,222,1.1323871612548828,42,285,8,1,0.010099,2,False
0.49079754601226994,211,165.73183512687683,42,111,2,4,0.7175282500000001,16,True
0.4294478527607362,190,403.0828413963318,42,186,10,6,0.70003,25,False
0.4662576687116564,219,119.00709438323975,42,274,6,9,0.1450855,16,False
0.3803680981595092,197,345.8803720474243,42,169,7,6,0.80751925,11,False
0.49693251533742333,206,241.20254707336426,42,266,5,7,0.290071,18,False
0.2883435582822086,147,872.5268270969391,42,384,6,1,0.9700030000000001,9,False
0.38650306748466257,227,8.193923473358154,42,11,8,9,0.43255675000000005,24,True
0.2883435582822086,224,47.10470366477966,42,31,3,10,0.9500050000000001,7,False
0.3067484662576687,176,560.4749417304993,42,222,6,9,0.9700030000000001,30,False
0.15337423312883436,231,7.884991645812988,42,157,8,8,0.530047,1,True
0.48466257668711654,208,241.7671139240265,42,371,2,8,0.21257875,28,False
0.4662576687116564,218,179.6386435031891,42,194,5,2,0.30756925,40,True
0.25766871165644173,235,1.6940679550170898,42,94,10,10,0.0150985,5,False
0.3067484662576687,125,1086.8754725456238,42,392,6,7,0.99250075,17,False
0.25153374233128833,228,44.98672842979431,42,261,2,6,0.7850215,2,True
0.5030674846625767,216,211.21879887580872,42,374,7,3,0.19258075,28,True
0.3374233128834356,239,20.54110074043274,42,51,3,2,0.47255275,5,True
0.5030674846625767,221,145.65315532684326,42,83,8,1,0.430057,27,False
0.4601226993865031,225,99.75975108146667,42,192,6,2,0.1750825,10,False
0.32515337423312884,99,1313.6102290153503,42,341,3,1,0.9825017500000001,37,False
0.4601226993865031,234,60.54988956451416,42,189,7,10,0.110089,17,False
0.4539877300613497,217,243.00487303733826,42,214,7,8,0.65253475,17,True
0.5030674846625767,215,254.71533012390137,42,246,7,3,0.24257575,32,False
0.44171779141104295,226,103.11798620223999,42,234,6,8,0.22757725,32,True
0.3067484662576687,243,24.832300662994385,42,102,3,9,0.31256875,4,False
0.43558282208588955,200,442.80089473724365,42,218,5,6,0.64753525,None,False
0.3128834355828221,246,23.783148765563965,42,24,9,8,0.73252675,6,False
0.5030674846625767,223,178.93843698501587,42,157,6,4,0.48005200000000003,25,True
0.4539877300613497,237,117.8462438583374,42,164,3,9,0.2750725,12,False
0.24539877300613497,250,52.856308698654175,42,358,7,8,0.6675332500000001,2,True
0.44785276073619634,249,60.680835008621216,42,62,9,1,0.36756325,28,True
0.4294478527607362,194,593.1469576358795,42,386,9,10,0.5925407500000001,27,False
0.4539877300613497,229,207.42703318595886,42,156,9,7,0.7300270000000001,30,True
0.3619631901840491,153,991.6003375053406,42,362,8,6,0.9000100000000001,35,False
0.5214723926380368,241,153.08882546424866,42,299,6,5,0.15258475,13,False
0.1901840490797546,258,17.66980290412903,42,68,9,10,0.9450055,2,False
0.44785276073619634,167,847.0312285423279,42,378,5,3,0.7275272500000001,13,False
0.4601226993865031,248,159.31342339515686,42,95,8,1,0.8850115000000001,12,True
0.4294478527607362,213,446.48555517196655,42,375,8,9,0.980002,8,True
0.49079754601226994,251,147.08107042312622,42,154,2,6,0.28507150000000003,None,False
0.3496932515337423,232,245.54349637031555,42,216,6,8,0.70003,7,False
0.50920245398773,238,244.23736023902893,42,299,5,7,0.25507450000000004,23,False
0.31901840490797545,236,268.51875400543213,42,80,6,3,0.9225077500000001,26,False
0.4110429447852761,230,300.2377483844757,42,296,3,6,0.5150485,8,False
0.4723926380368098,260,62.80517792701721,42,142,3,4,0.15508450000000001,10,False
0.4723926380368098,259,70.3333044052124,42,89,9,2,0.28757125,23,True
0.22699386503067484,267,9.287649631500244,42,328,2,1,0.05259475000000001,3,False
0.49079754601226994,252,168.22463989257812,42,126,7,2,0.31506850000000003,39,False
0.4539877300613497,255,112.88229060173035,42,287,2,9,0.21257875,27,True
0.44171779141104295,263,67.05194473266602,42,51,7,5,0.36756325,26,False
0.4601226993865031,270,22.656923055648804,42,225,8,3,0.01759825,34,False
0.48466257668711654,261,87.81833243370056,42,194,7,6,0.12508750000000002,18,False
0.3006134969325153,245,267.03490376472473,42,110,10,9,0.9125087500000001,25,False
0.3987730061349693,265,72.01603484153748,42,168,9,8,0.36006400000000005,7,True
0.3312883435582822,271,43.47008991241455,42,106,10,5,0.6800320000000001,4,True
0.4294478527607362,233,364.6928412914276,42,314,10,10,0.75752425,14,True
0.44785276073619634,257,195.3142867088318,42,150,7,9,0.79752025,None,True
0.44785276073619634,242,344.2011094093323,42,159,8,5,0.650035,33,False
0.49079754601226994,276,60.000388383865356,42,59,8,6,0.3050695,40,False
0.4233128834355828,268,113.95987844467163,42,321,8,9,0.20008,13,True
0.43558282208588955,277,61.50285220146179,42,78,4,8,0.32756725000000003,10,False
0.44785276073619634,281,14.624174356460571,42,18,6,4,0.32256775000000004,21,True
0.4539877300613497,278,87.95903182029724,42,219,5,7,0.19758025,17,True
0.17177914110429449,286,16.106806993484497,42,325,7,4,0.42255775,1,False
0.48466257668711654,264,204.6442346572876,42,108,8,2,0.80751925,21,True
0.4294478527607362,282,62.355493783950806,42,67,8,5,0.42755725000000006,29,True
0.4233128834355828,220,597.2537498474121,42,328,4,9,0.6775322500000001,19,False
0.44785276073619634,284,58.01726198196411,42,42,4,8,0.8300170000000001,34,True
0.4601226993865031,279,115.74702763557434,42,98,10,6,0.36506350000000004,18,False
0.3619631901840491,285,87.13528561592102,42,42,2,3,0.83251675,10,False
0.4662576687116564,256,333.5722212791443,42,241,8,6,0.7150285000000001,39,True
0.36809815950920244,288,77.69435501098633,42,171,6,2,0.550045,5,True
0.49693251533742333,247,462.6467545032501,42,270,3,2,0.68753125,20,True
0.3496932515337423,240,489.00831389427185,42,177,5,5,0.8525147500000001,30,False
0.49079754601226994,283,171.81280279159546,42,205,10,7,0.26757325000000004,22,False
0.48466257668711654,274,276.799711227417,42,139,8,1,0.820018,22,True
0.44785276073619634,297,64.34791898727417,42,50,5,7,0.710029,24,True
0.27607361963190186,298,31.742719650268555,42,186,6,4,0.43255675000000005,3,True
0.17177914110429449,299,10.311937808990479,42,193,3,9,0.56754325,1,True
0.27607361963190186,210,841.1427195072174,42,325,9,4,0.9875012500000001,11,False
0.3006134969325153,214,810.3312149047852,42,258,2,5,0.9950005000000001,37,False
0.49693251533742333,280,258.73694348335266,42,368,3,1,0.2150785,21,True
0.32515337423312884,244,591.9857103824615,42,173,2,3,0.9500050000000001,32,False
0.49079754601226994,266,378.442866563797,42,279,4,3,0.330067,40,False
0.32515337423312884,303,60.95094847679138,42,187,3,3,0.41505850000000005,4,False
0.38650306748466257,302,80.60649752616882,42,29,10,3,0.8375162500000001,17,False
0.44171779141104295,308,47.490307092666626,42,28,4,6,0.8850115000000001,23,True
0.44171779141104295,262,474.44838309288025,42,187,10,3,0.71252875,28,False
0.48466257668711654,293,233.33525347709656,42,292,6,8,0.2650735,22,False
0.4785276073619632,296,199.47080039978027,42,115,5,4,0.77252275,33,True
0.4294478527607362,307,82.36451935768127,42,166,6,7,0.36006400000000005,8,True
0.4662576687116564,301,135.6800172328949,42,102,3,7,0.73252675,38,True
0.4233128834355828,290,286.1317284107208,42,167,4,10,0.6650335,18,False
0.48466257668711654,272,444.1561965942383,42,199,2,1,0.9825017500000001,15,True
0.44171779141104295,311,39.14803624153137,42,161,4,10,0.09259075000000001,11,False
0.4539877300613497,314,24.012542009353638,42,17,3,9,0.9150085000000001,12,True
0.4785276073619632,291,304.7487552165985,42,280,5,8,0.37256275,None,False
0.4171779141104294,316,32.7163507938385,42,87,9,6,0.23257675,9,True
0.4785276073619632,309,107.85829305648804,42,114,8,6,0.460054,28,True
0.5030674846625767,305,167.100745677948,42,232,3,3,0.16258375,20,False
0.4662576687116564,306,170.79966235160828,42,205,5,4,0.37256275,15,True
0.4662576687116564,304,226.63692474365234,42,208,10,4,0.48255175000000006,21,True
0.43558282208588955,320,84.80412912368774,42,234,5,10,0.2250775,11,True
0.5030674846625767,292,378.19002318382263,42,316,5,4,0.320068,20,False
0.3987730061349693,325,25.297126054763794,42,65,9,9,0.21257875,37,True
0.4662576687116564,295,337.6417028903961,42,150,7,3,0.5925407500000001,36,False
0.44785276073619634,269,577.5177011489868,42,326,10,5,0.63753625,12,False
0.4601226993865031,321,95.9687430858612,42,118,5,9,0.47755225,38,True
0.4539877300613497,331,20.820542097091675,42,16,4,7,0.42005800000000004,19,False
0.4785276073619632,273,598.6700012683868,42,309,6,4,0.8950105,21,True
0.4049079754601227,329,59.21257185935974,42,86,7,9,0.49255075000000004,9,True
0.36809815950920244,254,794.3496775627136,42,232,4,2,0.8950105,32,False
0.4539877300613497,315,211.52933359146118,42,167,8,3,0.5075492500000001,27,True
0.44785276073619634,330,86.10871315002441,42,151,6,6,0.30256975,12,True
0.4233128834355828,322,173.5138053894043,42,246,2,9,0.7350265,6,True
0.48466257668711654,318,211.485985994339,42,354,8,4,0.30756925,11,True
0.44171779141104295,312,256.99712896347046,42,201,9,8,0.8850115000000001,10,True
0.4110429447852761,338,21.010991096496582,42,25,4,4,0.4350565,12,True
0.44785276073619634,326,148.21457958221436,42,102,4,8,0.84751525,25,True
0.25153374233128833,313,276.93312072753906,42,276,6,10,0.9550045,5,False
0.4233128834355828,342,21.428640604019165,42,25,9,1,0.6775322500000001,7,True
0.36809815950920244,275,698.2023515701294,42,324,5,9,0.8175182500000001,16,False
0.44785276073619634,335,82.19301509857178,42,200,9,7,0.19758025,40,True
0.31901840490797545,336,79.53595113754272,42,145,8,5,0.9375062500000001,4,True
0.4662576687116564,294,516.2654914855957,42,316,3,8,0.9975002500000001,15,True
0.50920245398773,300,441.19861125946045,42,345,7,1,0.45755425000000005,None,True
0.3558282208588957,253,905.1510207653046,42,278,7,1,0.8550145000000001,34,False
0.4785276073619632,324,240.39714884757996,42,154,4,2,0.36006400000000005,24,False
0.49079754601226994,346,68.61079931259155,42,227,7,6,0.08259175,16,False
0.4601226993865031,327,250.08965873718262,42,227,10,8,0.650035,15,True
0.4662576687116564,334,219.47449827194214,42,153,4,7,0.47005300000000005,27,False
0.4110429447852761,323,331.9563841819763,42,169,4,10,0.7675232500000001,40,False
0.44171779141104295,319,392.965811252594,42,345,2,9,0.760024,11,True
0.3006134969325153,287,728.4259407520294,42,286,8,9,0.9750025000000001,35,False
0.3006134969325153,337,233.59420609474182,42,78,2,6,0.99250075,23,False
0.2883435582822086,358,4.4873268604278564,42,103,10,8,0.05009500000000001,5,True
0.3987730061349693,349,175.03944873809814,42,315,7,3,0.3750625,6,False
0.44785276073619634,359,38.110225200653076,42,227,2,6,0.04259575000000001,31,False
0.4539877300613497,345,224.73297548294067,42,230,2,9,0.34756525000000005,18,False
0.49693251533742333,310,554.4377698898315,42,313,6,2,0.7075292500000001,23,True
0.36809815950920244,328,428.14441108703613,42,142,5,3,0.870013,17,False
0.4110429447852761,356,159.40219235420227,42,172,3,3,0.5150485,7,False
0.3496932515337423,357,156.08281254768372,42,45,5,1,0.8775122500000001,None,False
0.39263803680981596,365,19.013997793197632,42,263,7,8,0.020098,34,False
0.3619631901840491,367,5.49155068397522,42,75,4,10,0.04009600000000001,7,False
0.4723926380368098,344,320.7210648059845,42,345,2,7,0.490051,24,True
0.4601226993865031,364,63.27437472343445,42,81,10,8,0.44755525,14,True
0.3496932515337423,289,900.1533639431,42,389,10,10,0.91750825,31,False
0.4785276073619632,347,328.5584943294525,42,273,8,6,0.62253775,17,True
0.4662576687116564,355,220.637362241745,42,226,5,10,0.37756225000000004,14,False
0.4601226993865031,332,482.09377932548523,42,232,4,5,0.6200380000000001,None,False
0.3128834355828221,354,236.7298719882965,42,85,2,7,0.99250075,23,False
0.3496932515337423,370,29.903169631958008,42,140,5,8,0.3550645,4,True
0.4049079754601227,371,26.094999313354492,42,87,7,8,0.14758525,35,True
0.31901840490797545,341,395.75588274002075,42,150,4,8,0.9750025000000001,34,False
0.38650306748466257,343,376.1967017650604,42,141,8,1,0.8275172500000001,14,False
0.4601226993865031,351,326.3364462852478,42,138,5,3,0.6200380000000001,31,False
0.4723926380368098,340,413.923885345459,42,297,7,7,0.760024,23,True
0.36809815950920244,333,491.08179807662964,42,142,2,2,0.9025097500000001,None,False
0.3496932515337423,378,25.216864824295044,42,156,4,6,0.19258075,5,True
0.44171779141104295,348,369.530739068985,42,310,2,8,0.48005200000000003,11,False
0.3496932515337423,360,196.19484186172485,42,241,7,6,0.5800420000000001,6,False
0.48466257668711654,369,79.95561671257019,42,76,10,2,0.39006100000000005,36,True
0.44785276073619634,374,62.25189232826233,42,74,5,10,0.51254875,28,True
0.4110429447852761,387,11.302889585494995,42,233,8,3,0.007599250000000001,38,False
0.49693251533742333,353,342.56943702697754,42,332,2,4,0.42755725000000006,28,True
0.4233128834355828,384,46.41949653625488,42,238,10,6,0.08009200000000001,35,True
0.31901840490797545,382,72.4832239151001,42,261,10,10,0.3550645,4,False
0.4539877300613497,389,26.392083406448364,42,80,2,4,0.11258875000000002,38,True
0.4233128834355828,375,97.16764664649963,42,182,9,10,0.330067,12,True
0.5153374233128835,368,146.42045068740845,42,374,3,4,0.08509150000000001,37,False
0.4662576687116564,386,66.65071749687195,42,48,10,4,0.7200280000000001,13,True
0.49693251533742333,377,106.89387726783752,42,317,10,2,0.09509050000000001,12,False
0.36809815950920244,393,18.07867193222046,42,179,9,7,0.055094500000000005,7,False
0.44171779141104295,381,116.50318098068237,42,94,4,5,0.45255475,11,False
0.4294478527607362,396,27.071088314056396,42,160,4,8,0.08009200000000001,35,True
0.3006134969325153,399,5.143736839294434,42,145,4,8,0.022597750000000003,8,True
0.44785276073619634,363,253.9968400001526,42,113,9,5,0.6675332500000001,28,False
0.4294478527607362,379,139.24586582183838,42,125,5,8,0.62753725,29,True
0.1901840490797546,398,9.98161005973816,42,270,9,4,0.12758725,2,False
0.4539877300613497,361,299.43883895874023,42,399,6,10,0.45755425000000005,16,True
0.4662576687116564,401,20.596863269805908,42,16,8,2,0.30756925,None,False
0.4539877300613497,362,298.9598777294159,42,195,2,7,0.8350165,33,True
0.32515337423312884,388,116.76139783859253,42,316,4,10,0.6325367500000001,4,True
0.44785276073619634,373,196.229638338089,42,125,7,7,0.93250675,13,True
0.2331288343558282,405,30.577983617782593,42,276,5,5,0.39256075,2,False
0.4110429447852761,394,103.57977056503296,42,57,4,10,0.71252875,14,False
0.43558282208588955,397,103.30704283714294,42,168,8,10,0.36756325,21,True
0.43558282208588955,376,228.22599387168884,42,115,2,7,0.6775322500000001,20,False
0.1411042944785276,412,0.19664502143859863,42,70,2,7,0.0001,21,True
0.38650306748466257,380,221.24386048316956,42,108,5,9,0.760024,38,False
0.4785276073619632,404,86.26854300498962,42,181,2,6,0.2150785,22,True
0.4294478527607362,391,145.00943756103516,42,279,3,10,0.31006900000000004,None,True
0.4785276073619632,408,54.49856448173523,42,110,5,1,0.13758625,38,True
0.2822085889570552,409,54.89863896369934,42,84,5,9,0.8775122500000001,4,False
0.3987730061349693,410,48.35758948326111,42,31,10,10,0.5925407500000001,21,False
0.43558282208588955,366,312.53456830978394,42,193,10,9,1.0,19,True
0.49693251533742333,383,272.22019720077515,42,277,4,7,0.55254475,14,True
0.4539877300613497,395,224.29072904586792,42,305,8,3,0.34256575,8,False
0.24539877300613497,422,0.5387911796569824,42,119,10,1,log2,14,False
0.4294478527607362,403,188.82049322128296,42,107,5,6,0.6550345000000001,12,False
0.3558282208588957,423,6.922442674636841,42,115,7,4,0.04259575000000001,7,True
0.4539877300613497,406,173.63009309768677,42,99,8,6,0.91750825,38,True
0.39263803680981596,421,39.557140588760376,42,165,8,1,0.15758425,6,False
0.49079754601226994,372,361.27369260787964,42,178,6,2,0.8025197500000001,27,True
0.49079754601226994,414,110.14469194412231,42,75,5,1,0.5200480000000001,30,True
0.4539877300613497,418,105.55660843849182,42,83,9,10,0.8125187500000001,35,True
0.4049079754601227,317,1000.3018269538879,42,361,8,4,0.7900210000000001,34,False
0.4601226993865031,392,273.9992353916168,42,161,6,1,0.9275072500000001,11,True
0.4662576687116564,352,656.9406185150146,42,348,6,2,0.9100090000000001,14,True
0.4171779141104294,428,39.13465929031372,42,331,8,6,0.04509550000000001,39,True
0.38650306748466257,415,152.89807391166687,42,377,9,10,0.5150485,5,True
0.44171779141104295,390,316.8813512325287,42,197,9,8,0.9500050000000001,None,True
0.4601226993865031,417,172.53893518447876,42,171,5,9,0.60004,28,True
0.4723926380368098,436,43.86265015602112,42,91,10,8,0.150085,29,False
0.4233128834355828,416,203.35773849487305,42,151,9,5,0.8000200000000001,11,True
0.4539877300613497,402,303.9363749027252,42,196,9,7,0.85751425,22,True
0.4785276073619632,411,269.42594289779663,42,262,7,5,0.29257075,18,False
0.48466257668711654,430,144.42442417144775,42,231,2,7,0.18758125,30,False
0.44785276073619634,440,53.51497197151184,42,44,9,9,0.7350265,18,True
0.3619631901840491,339,920.4576170444489,42,330,10,6,0.9100090000000001,32,False
0.44171779141104295,441,51.18748497962952,42,73,5,10,0.25507450000000004,31,False
0.4662576687116564,420,321.88824105262756,42,306,4,7,0.5575442500000001,21,True
0.43558282208588955,427,252.8364818096161,42,167,4,10,0.5800420000000001,18,False
0.39263803680981596,432,225.7772674560547,42,116,5,7,0.73752625,12,False
0.49693251533742333,445,62.894368171691895,42,142,7,2,0.08509150000000001,36,False
0.15950920245398773,449,2.6886179447174072,42,46,7,1,0.590041,1,True
0.3374233128834356,443,112.0874719619751,42,29,3,1,0.980002,34,False
0.4723926380368098,439,172.3332073688507,42,198,7,5,0.39006100000000005,24,True
0.43558282208588955,451,10.179605484008789,42,30,4,10,0.19258075,16,True
0.44171779141104295,450,42.960328578948975,42,55,5,3,0.27757225,30,True
0.26993865030674846,452,40.76033878326416,42,363,5,8,0.27757225,3,True
0.43558282208588955,431,289.9789083003998,42,227,2,1,0.52754725,14,True
0.39263803680981596,350,988.7850713729858,42,357,5,4,0.7875212500000001,34,False
0.4723926380368098,407,489.35125184059143,42,340,7,6,0.8150185000000001,13,True
0.49693251533742333,385,647.5457646846771,42,303,9,3,0.9150085000000001,40,True
0.3312883435582822,459,9.75990080833435,42,258,10,10,0.01759825,31,True
0.49693251533742333,447,113.82109212875366,42,189,6,4,0.22757725,31,True
0.31901840490797545,413,508.4606831073761,42,190,8,8,0.9900010000000001,23,False
0.44785276073619634,457,84.89273190498352,42,220,4,10,0.21757825,25,True
0.4723926380368098,446,160.37777948379517,42,381,2,10,0.1450855,31,False
0.43558282208588955,448,148.90635657310486,42,234,10,7,0.39256075,10,True
0.4539877300613497,400,608.7549605369568,42,400,8,10,0.9775022500000001,25,True
0.4785276073619632,419,543.3399879932404,42,358,3,2,0.42255775,14,False
0.3128834355828221,467,6.684345006942749,42,245,5,1,sqrt,15,True
0.4233128834355828,438,367.3147532939911,42,181,2,8,0.7175282500000001,34,False
0.4785276073619632,461,105.17688226699829,42,125,3,1,0.2450755,11,False
0.4785276073619632,434,440.87318181991577,42,370,6,10,0.750025,20,True
0.4662576687116564,426,487.7024989128113,42,348,3,5,0.41505850000000005,17,False
0.4539877300613497,456,169.60102319717407,42,111,5,9,0.9275072500000001,39,True
0.22085889570552147,473,10.014723300933838,42,115,6,3,0.30256975,2,False
0.4601226993865031,466,100.8587954044342,42,98,10,1,0.430057,17,True
0.4785276073619632,455,201.2859661579132,42,287,6,2,0.23757625000000002,22,True
0.4601226993865031,437,444.8966414928436,42,357,4,7,0.6700330000000001,38,True
0.4539877300613497,429,526.9569177627563,42,397,3,8,0.8675132500000001,11,True
0.49079754601226994,475,28.172821283340454,42,41,9,6,0.19508050000000002,38,False
0.44171779141104295,470,79.49023747444153,42,43,7,1,0.90750925,13,True
0.31901840490797545,433,541.6170477867126,42,217,4,8,0.9000100000000001,34,False
0.4723926380368098,460,233.9670808315277,42,397,10,5,0.260074,16,True
0.3803680981595092,481,11.400336265563965,42,169,9,8,0.030097000000000002,22,True
0.3312883435582822,424,593.8401780128479,42,245,8,10,0.9525047500000001,37,False
0.26993865030674846,483,8.558958530426025,42,42,5,3,0.39756025,3,False
0.26380368098159507,485,2.748166561126709,42,132,8,5,0.030097000000000002,4,True
0.4785276073619632,442,452.48938155174255,42,309,10,2,0.4650535,13,False
0.4601226993865031,478,87.03103971481323,42,77,2,4,0.47005300000000005,25,True
0.43558282208588955,454,308.81674790382385,42,237,2,10,0.5325467500000001,12,False
0.4723926380368098,435,586.8715455532074,42,330,6,7,0.9950005000000001,22,True
0.4539877300613497,477,168.65937304496765,42,99,2,2,0.6250375,30,True
0.4539877300613497,488,79.1813497543335,42,58,10,4,0.62253775,24,True
0.43558282208588955,471,225.35659217834473,42,238,10,9,0.33256675,21,False
0.44785276073619634,492,14.211151361465454,42,90,9,7,0.04259575000000001,22,False
0.5153374233128835,464,328.6985852718353,42,399,5,5,0.36006400000000005,34,True
0.4539877300613497,462,356.6735589504242,42,274,2,7,0.42255775,23,False
0.49079754601226994,425,763.8433849811554,42,362,2,2,0.7875212500000001,35,True
0.4785276073619632,453,478.86478996276855,42,397,2,7,0.6450355000000001,27,True
0.49079754601226994,458,436.1295464038849,42,288,7,6,0.77252275,27,True
0.4601226993865031,465,387.0648159980774,42,353,8,8,0.6200380000000001,27,True
0.4601226993865031,496,44.305556297302246,42,51,9,10,0.32256775000000004,34,False
0.4662576687116564,484,210.98345255851746,42,179,9,7,0.6350365,24,True
0.44785276073619634,480,254.1588876247406,42,203,4,7,0.4050595,26,False
0.39263803680981596,501,12.924749851226807,42,142,7,9,0.04509550000000001,17,True
0.4294478527607362,487,220.34707260131836,42,117,8,7,0.6325367500000001,29,False
0.2822085889570552,499,62.90514516830444,42,368,3,8,0.4350565,3,True
0.48466257668711654,495,104.11208963394165,42,307,2,8,0.10508950000000002,21,False
0.3067484662576687,506,8.968417644500732,42,61,5,3,0.1850815,4,False
0.4233128834355828,489,255.08464193344116,42,127,3,7,0.6800320000000001,30,False
0.4662576687116564,493,175.6955509185791,42,243,4,4,0.28507150000000003,25,True
0.4785276073619632,463,502.3134262561798,42,358,2,6,0.430057,35,False
0.4662576687116564,476,398.3639361858368,42,275,2,7,0.8025197500000001,35,True
0.4601226993865031,510,44.16345238685608,42,64,4,3,0.2450755,25,True
0.4785276073619632,490,299.10975885391235,42,148,10,1,0.8300170000000001,27,True
0.4662576687116564,482,364.4131667613983,42,189,4,1,0.460054,21,False
0.3987730061349693,512,44.01437163352966,42,247,6,10,0.09759025000000002,25,True
0.49693251533742333,472,484.76262640953064,42,373,3,2,0.45255475,35,True
0.3987730061349693,517,9.843201398849487,42,75,2,8,0.06509350000000001,13,True
0.2883435582822086,515,68.68128252029419,42,260,7,5,0.6800320000000001,3,True
0.4601226993865031,444,880.0514323711395,42,334,6,1,0.6575342500000001,31,False
0.4601226993865031,468,588.9934339523315,42,283,3,2,0.9225077500000001,16,True
0.43558282208588955,497,299.92383670806885,42,256,5,8,0.6750325,33,True
0.44171779141104295,508,225.9697744846344,42,171,8,10,0.51254875,33,False
0.49079754601226994,486,482.7901794910431,42,359,2,6,0.6925307500000001,25,True
0.49079754601226994,494,380.7697284221649,42,256,9,3,0.68753125,17,True
0.5030674846625767,505,262.1073100566864,42,173,8,2,0.5925407500000001,35,True
0.43558282208588955,522,37.99911880493164,42,74,7,10,0.3050695,16,True
0.48466257668711654,518,133.6019275188446,42,395,10,1,0.140086,13,True
0.44171779141104295,513,191.1358528137207,42,243,10,6,0.590041,8,True
0.50920245398773,500,347.29003715515137,42,243,5,4,0.6450355000000001,21,True
0.4233128834355828,528,38.66317796707153,42,21,4,8,0.660034,24,False
0.44785276073619634,526,69.41559481620789,42,93,4,8,0.33506650000000004,9,False
0.44171779141104295,519,155.76355457305908,42,315,5,10,0.3850615,8,True
0.48466257668711654,523,107.28833198547363,42,143,9,1,0.17758225,18,False
0.44171779141104295,524,101.62553834915161,42,74,6,9,0.8450155,22,True
0.4233128834355828,520,141.10408782958984,42,245,4,10,0.3450655,22,True
0.48466257668711654,527,122.26568937301636,42,222,2,3,0.1850815,39,True
0.4601226993865031,535,40.40899181365967,42,35,5,4,0.5225477500000001,17,True
0.31901840490797545,507,385.263795375824,42,112,4,3,0.9625037500000001,32,False
0.43558282208588955,516,272.3628132343292,42,149,7,5,0.9625037500000001,16,True
0.44171779141104295,538,15.151904821395874,42,16,8,6,0.3850615,10,False
0.2822085889570552,540,23.923370122909546,42,103,7,10,0.47005300000000005,3,False
0.4662576687116564,537,48.42609119415283,42,50,9,3,0.380062,36,True
0.4662576687116564,529,174.82820057868958,42,166,9,3,0.280072,18,False
0.38650306748466257,509,467.7304494380951,42,172,2,1,0.8300170000000001,13,False
0.4049079754601227,543,70.67415690422058,42,51,5,10,0.53754625,39,False
0.44785276073619634,503,540.3923127651215,42,344,3,9,0.9850015000000001,35,True
0.3558282208588957,546,5.651315212249756,42,200,10,8,0.007599250000000001,19,False
0.44785276073619634,536,158.30717730522156,42,246,7,7,0.32756725000000003,32,True
0.3619631901840491,479,813.2199554443359,42,293,5,5,0.8650135000000001,19,False
0.4294478527607362,514,422.3760313987732,42,151,6,1,0.7175282500000001,26,False
0.4110429447852761,531,204.9525272846222,42,120,7,9,0.63753625,18,False
0.44171779141104295,521,338.4114580154419,42,185,6,7,0.6175382500000001,35,False
0.4662576687116564,532,235.78595781326294,42,235,4,7,0.5325467500000001,25,True
0.39263803680981596,469,944.5101592540741,42,345,8,4,0.7875212500000001,30,False
0.43558282208588955,554,24.966992616653442,42,17,6,3,0.35756425000000003,27,False
0.44171779141104295,548,80.28556680679321,42,57,10,6,0.93250675,10,True
0.4601226993865031,553,38.03383135795593,42,176,3,4,0.07259275000000001,23,True
0.4785276073619632,542,184.07115244865417,42,217,10,3,0.33256675,25,True
0.4233128834355828,551,83.50983095169067,42,163,4,6,0.2450755,8,False
0.4601226993865031,549,93.31216859817505,42,348,2,7,0.12258775000000001,31,True
0.38650306748466257,525,381.6357479095459,42,378,2,2,0.9975002500000001,6,True
0.44171779141104295,557,47.46424436569214,42,342,2,6,0.055094500000000005,25,True
0.3128834355828221,562,11.453444242477417,42,27,2,6,0.55254475,4,False
0.4601226993865031,556,83.0890245437622,42,105,3,5,0.3450655,34,True
0.4539877300613497,552,150.35573196411133,42,179,6,4,0.33256675,40,True
0.4233128834355828,491,835.2210259437561,42,271,2,1,0.73752625,35,False
0.4785276073619632,530,396.40015959739685,42,320,7,6,0.6300370000000001,38,True
0.43558282208588955,566,35.32490801811218,42,76,8,7,0.230077,19,True
0.3312883435582822,569,23.333211660385132,42,290,8,7,0.1350865,4,True
0.3006134969325153,539,352.9418704509735,42,115,5,4,0.9750025000000001,15,False
0.4294478527607362,567,56.5351824760437,42,170,5,2,0.14758525,11,True
0.49079754601226994,544,296.8942942619324,42,278,8,6,0.540046,23,True
0.4049079754601227,573,12.798268556594849,42,21,10,10,0.39756025,10,True
0.3006134969325153,511,700.8489792346954,42,287,6,9,0.930007,30,False
0.4539877300613497,568,71.70100903511047,42,76,7,8,0.5350465000000001,40,True
0.44785276073619634,570,41.94355511665344,42,277,8,7,0.06759325000000001,17,True
0.43558282208588955,572,31.514644145965576,42,177,10,9,0.055094500000000005,17,False
0.4601226993865031,555,204.02687525749207,42,222,7,10,0.57754225,24,True
0.3374233128834356,502,825.0846741199493,42,223,6,1,0.9825017500000001,31,False
0.4539877300613497,534,489.148396730423,42,394,7,8,0.7625237500000001,13,True
0.4601226993865031,563,194.41030478477478,42,215,4,8,0.5050495,28,True
0.37423312883435583,581,6.7405195236206055,42,203,10,6,0.007599250000000001,32,False
0.44171779141104295,576,64.2768325805664,42,43,8,6,0.7875212500000001,25,True
0.36809815950920244,474,1213.6229124069214,42,390,2,3,0.9475052500000001,15,False
0.4662576687116564,541,472.2339503765106,42,367,2,9,0.47005300000000005,28,False
0.4723926380368098,584,54.00789475440979,42,117,6,8,0.1450855,35,False
0.4601226993865031,565,221.97500038146973,42,120,6,5,0.9225077500000001,20,True
0.3619631901840491,588,3.8590750694274902,42,148,2,3,sqrt,11,False
0.4539877300613497,559,304.62807273864746,42,289,8,10,0.6925307500000001,13,True
0.44785276073619634,547,431.8653254508972,42,360,9,2,0.7875212500000001,9,True
0.4233128834355828,582,108.95816588401794,42,400,5,10,0.09259075000000001,21,False
0.44171779141104295,558,372.69103360176086,42,290,5,4,0.62253775,15,True
0.49079754601226994,587,79.8741102218628,42,70,5,1,0.24257575,28,False
0.4539877300613497,592,31.734071493148804,42,28,10,7,0.36506350000000004,40,False
0.4723926380368098,585,105.35160756111145,42,336,10,7,0.150085,32,True
0.48466257668711654,583,148.10629391670227,42,319,2,1,0.11258875000000002,39,True
0.4294478527607362,590,83.78237795829773,42,61,6,7,0.7750225000000001,35,True
0.3619631901840491,596,22.744237661361694,42,146,8,6,0.1450855,6,True
0.3803680981595092,597,19.713559865951538,42,187,8,10,0.10009000000000001,6,True
0.44171779141104295,574,251.09751105308533,42,136,2,9,0.6850315,34,False
0.4171779141104294,591,84.19100642204285,42,228,6,8,0.19758025,14,True
0.3987730061349693,533,703.3194859027863,42,249,4,4,0.80751925,30,False
0.4723926380368098,577,271.27320981025696,42,141,4,2,0.46255375000000004,40,False
0.4171779141104294,561,442.39408802986145,42,373,2,2,0.9875012500000001,7,True
0.3374233128834356,504,1091.8697187900543,42,349,5,4,0.9225077500000001,39,False
0.15337423312883436,606,7.09375262260437,42,287,7,2,0.20257975,1,False
0.38650306748466257,589,192.32838010787964,42,90,6,10,0.83251675,36,False
0.38650306748466257,498,1164.8913402557373,42,363,2,2,0.8300170000000001,35,False
0.4785276073619632,575,327.2989113330841,42,211,9,5,0.7875212500000001,16,True
0.4662576687116564,593,135.12980890274048,42,190,10,8,0.38756125,34,True
0.2822085889570552,560,506.32771396636963,42,271,6,2,0.9225077500000001,8,False
0.4723926380368098,578,357.2737741470337,42,190,4,3,0.48005200000000003,27,False
0.4601226993865031,604,99.16876435279846,42,125,2,8,0.2650735,36,False
0.4723926380368098,609,76.49873161315918,42,61,6,3,0.29757025000000004,None,False
0.4539877300613497,613,39.05112409591675,42,78,4,6,0.22757725,27,True
0.4294478527607362,603,131.3367054462433,42,149,6,10,0.7150285000000001,8,True
0.4601226993865031,599,180.16927576065063,42,199,4,6,0.45255475,18,True
0.31901840490797545,611,90.08557486534119,42,363,9,2,0.40255975000000005,4,True
0.4785276073619632,598,212.2218313217163,42,141,8,3,0.7200280000000001,15,True
0.3987730061349693,594,235.5586814880371,42,337,7,7,0.7175282500000001,6,True
0.4723926380368098,564,561.0703437328339,42,249,4,3,0.5850415,34,False
0.32515337423312884,619,30.410444736480713,42,211,4,5,0.23257675,4,True
0.26380368098159507,623,10.938174724578857,42,40,5,5,0.540046,3,False
0.4294478527607362,545,746.4552927017212,42,274,9,1,0.7275272500000001,37,False
0.44785276073619634,620,49.19824767112732,42,30,9,8,0.9750025000000001,36,True
0.39263803680981596,621,60.65095233917236,42,335,8,7,0.14258575,7,True
0.43558282208588955,618,91.42824339866638,42,147,7,9,0.36506350000000004,14,True
0.4601226993865031,624,48.932647943496704,42,36,4,7,0.440056,40,False
0.4785276073619632,601,269.42335653305054,42,392,9,2,0.240076,27,True
0.49079754601226994,614,147.60502886772156,42,118,6,6,0.380062,None,False
0.4662576687116564,605,245.56950044631958,42,330,8,9,0.43255675000000005,36,True
0.49693251533742333,571,565.5799944400787,42,378,4,7,0.82251775,22,True
0.48466257668711654,600,310.72243547439575,42,173,10,3,0.7750225000000001,26,True
0.48466257668711654,626,65.69561171531677,42,330,6,2,0.055094500000000005,20,True
0.50920245398773,629,39.090065717697144,42,35,9,6,0.33256675,22,False
0.39263803680981596,635,10.939584016799927,42,202,8,9,0.025097500000000002,39,True
0.3067484662576687,550,820.6413760185242,42,301,9,6,0.9475052500000001,14,False
0.15950920245398773,638,0.6567976474761963,42,393,5,9,log2,5,False
0.44785276073619634,630,52.6947455406189,42,67,9,7,0.39756025,40,True
0.13496932515337423,639,2.0166831016540527,42,379,7,10,0.037596250000000005,1,False
0.4662576687116564,631,53.11220955848694,42,156,5,4,0.11758825000000002,24,True
0.43558282208588955,617,173.49354577064514,42,117,5,10,0.56254375,27,False
0.1656441717791411,641,20.271702527999878,42,265,8,9,0.66253375,1,False
0.4662576687116564,602,354.6094720363617,42,324,7,7,0.5850415,40,True
0.3619631901840491,579,612.8885600566864,42,281,7,10,0.85751425,36,False
0.36809815950920244,622,200.62064743041992,42,69,6,4,0.85751425,18,False
0.4601226993865031,643,69.59411287307739,42,275,2,7,0.07759225000000002,14,False
0.4601226993865031,633,131.0453917980194,42,58,9,2,0.9775022500000001,22,True
0.4662576687116564,627,185.86405229568481,42,116,2,5,0.8900110000000001,13,True
0.3128834355828221,645,79.29092073440552,42,221,8,6,0.61253875,4,True
0.4601226993865031,625,210.90353751182556,42,364,4,10,0.2050795,37,False
0.4601226993865031,634,168.2691295146942,42,274,4,1,0.28257175,11,True
0.5030674846625767,610,388.24563908576965,42,268,4,2,0.51254875,35,True
0.37423312883435583,650,36.42859482765198,42,18,7,10,0.7925207500000001,26,False
0.4233128834355828,652,34.83264684677124,42,85,7,7,0.15758425,10,False
0.4539877300613497,637,169.2360315322876,42,144,8,8,0.6700330000000001,25,True
0.4785276073619632,616,343.61176896095276,42,366,8,9,0.5575442500000001,27,True
0.43558282208588955,651,71.39059281349182,42,88,6,1,0.3750625,12,True
0.4785276073619632,647,170.35273933410645,42,350,8,8,0.18258175000000001,11,False
0.4723926380368098,628,306.9596269130707,42,245,4,5,0.5850415,36,True
0.15950920245398773,661,0.541593074798584,42,112,9,1,0.030097000000000002,1,True
0.48466257668711654,612,486.6261839866638,42,269,2,3,0.7350265,32,True
0.4294478527607362,657,105.58612394332886,42,111,2,8,0.5325467500000001,36,True
0.4785276073619632,644,245.04211854934692,42,129,7,2,0.5100490000000001,18,False
0.4110429447852761,663,20.889544010162354,42,13,9,1,0.90750925,11,True
0.48466257668711654,649,186.36827421188354,42,183,4,1,0.23257675,17,False
0.4294478527607362,658,117.0126519203186,42,165,3,5,0.42255775,10,True
0.27607361963190186,668,24.862508058547974,42,120,6,8,0.52754725,3,True
0.4662576687116564,615,498.2065408229828,42,381,9,3,0.60004,16,True
0.44785276073619634,653,236.41881847381592,42,134,8,3,0.6075392500000001,12,False
0.4785276073619632,608,640.9159088134766,42,379,5,5,0.49505050000000006,23,False
0.50920245398773,655,260.1112582683563,42,125,3,3,0.8650135000000001,26,True
0.38650306748466257,672,32.85223579406738,42,24,8,4,0.5950405000000001,25,True
0.4171779141104294,586,888.3726167678833,42,335,10,3,0.760024,21,False
0.38650306748466257,674,7.958597898483276,42,10,8,9,0.45755425000000005,29,True
0.4662576687116564,670,104.40359425544739,42,113,3,7,0.49505050000000006,18,True
0.4171779141104294,632,480.49760603904724,42,257,7,10,0.7275272500000001,31,False
0.44785276073619634,654,295.24705266952515,42,335,9,8,0.6300370000000001,9,True
0.4110429447852761,677,29.6547212600708,42,228,3,10,0.0750925,11,True
0.37423312883435583,669,148.89258313179016,42,192,6,3,0.540046,6,False
0.5030674846625767,636,496.36749792099,42,256,10,1,0.7800220000000001,38,True
0.49693251533742333,673,70.86641049385071,42,92,10,3,0.18258175000000001,34,False
0.4723926380368098,659,291.19433522224426,42,162,10,2,0.48755125000000005,21,False
0.4539877300613497,642,491.23948335647583,42,302,6,4,0.5325467500000001,13,False
0.294478527607362,595,869.1008265018463,42,396,5,7,0.9625037500000001,10,False
0.3987730061349693,607,771.5077707767487,42,267,10,1,0.80751925,20,False
0.4294478527607362,685,26.997150897979736,42,116,3,3,0.10508950000000002,11,True
0.4662576687116564,671,143.89443922042847,42,107,4,8,0.7850215,None,True
0.4601226993865031,656,390.5666661262512,42,315,5,8,0.7525247500000001,14,True
0.36809815950920244,640,570.1444818973541,42,206,9,5,0.8650135000000001,18,False
0.25153374233128833,686,89.24108672142029,42,246,8,7,0.7425257500000001,3,False
0.4662576687116564,684,114.91879057884216,42,84,3,9,0.880012,18,True
0.49079754601226994,648,527.9220020771027,42,266,10,3,0.8725127500000001,30,True
0.3803680981595092,646,567.859992980957,42,355,6,6,0.7450255,9,False
0.4294478527607362,662,381.3487858772278,42,219,5,9,0.660034,16,False
0.294478527607362,691,56.15130376815796,42,270,5,3,0.5350465000000001,3,True
0.3619631901840491,580,1194.794531583786,42,334,4,1,0.9125087500000001,33,False
0.3619631901840491,675,233.49477434158325,42,106,5,10,0.88251175,14,False
0.4785276073619632,688,143.5988495349884,42,148,4,1,0.31256875,40,True
0.43558282208588955,694,96.09266352653503,42,240,6,2,0.2250775,9,True
0.31901840490797545,683,234.57927250862122,42,64,4,1,0.9500050000000001,33,False
0.3496932515337423,702,15.411622285842896,42,196,2,8,0.07259275000000001,6,True
0.43558282208588955,692,158.25659775733948,42,99,7,9,0.5950405000000001,34,False
0.4601226993865031,681,289.253947019577,42,359,2,1,0.46755325000000003,9,True
0.4785276073619632,667,470.3100595474243,42,359,6,8,0.760024,24,True
0.49079754601226994,664,490.94410395622253,42,207,5,2,0.9525047500000001,27,True
0.34355828220858897,705,4.338639259338379,42,134,7,5,0.010099,27,True
0.44171779141104295,703,27.764179706573486,42,45,10,10,0.36756325,19,True
0.49693251533742333,676,333.2138206958771,42,212,6,3,0.40006,22,False
0.4539877300613497,701,69.9371919631958,42,123,10,9,0.20008,14,False
0.2822085889570552,711,1.588451623916626,42,29,6,10,0.06509350000000001,4,False
0.48466257668711654,704,42.02365159988403,42,273,10,4,0.03259675000000001,23,False
0.4233128834355828,712,24.251471519470215,42,38,10,7,0.320068,26,True
0.44785276073619634,706,43.03269839286804,42,41,5,8,0.70003,10,True
0.4785276073619632,710,46.40579438209534,42,63,9,6,0.23757625000000002,13,False
0.4601226993865031,660,595.9996953010559,42,375,5,9,0.99250075,38,True
0.4662576687116564,695,219.7829294204712,42,220,4,5,0.45505450000000003,32,True
0.4171779141104294,682,362.24622631073,42,125,7,2,0.7850215,25,False
0.3987730061349693,717,10.437036752700806,42,10,10,5,0.4850515,17,True
0.4233128834355828,714,67.87277626991272,42,175,9,9,0.23257675,11,True
0.44785276073619634,713,79.95801138877869,42,84,3,7,0.49755025,25,True
0.5153374233128835,665,618.1923501491547,42,372,5,4,0.7350265,38,True
0.2822085889570552,722,13.167998552322388,42,137,3,4,0.18758125,3,False
0.44171779141104295,697,263.99304723739624,42,210,3,8,0.430057,32,False
0.25153374233128833,725,1.0611963272094727,42,262,10,5,log2,33,False
0.4233128834355828,723,24.632575511932373,42,17,2,3,0.57254275,32,True
0.36809815950920244,726,22.98235273361206,42,384,10,9,0.02759725,32,True
0.44171779141104295,696,306.2239649295807,42,266,7,10,0.8775122500000001,9,True
0.22699386503067484,728,20.128694534301758,42,319,8,6,0.27757225,2,True
0.44171779141104295,719,99.54118490219116,42,251,3,8,0.20257975,26,True
0.34355828220858897,731,11.435081243515015,42,35,9,6,0.290071,5,False
0.49079754601226994,716,151.47792983055115,42,163,4,1,0.29757025000000004,26,True
0.4662576687116564,707,219.53308701515198,42,268,7,1,0.26757325000000004,36,True
0.4785276073619632,687,472.1417953968048,42,248,4,2,0.45005500000000004,35,False
0.44785276073619634,693,387.0258278846741,42,360,8,5,0.7250275,9,True
0.37423312883435583,666,711.5273249149323,42,253,8,3,0.8725127500000001,15,False
0.4723926380368098,699,334.3526921272278,42,171,6,4,0.540046,40,False
0.4539877300613497,724,112.99866938591003,42,128,6,6,0.43255675000000005,21,True
0.44785276073619634,708,250.76930594444275,42,104,6,3,0.6300370000000001,29,False
0.50920245398773,730,85.63329148292542,42,78,6,1,0.240076,27,False
0.49079754601226994,718,185.59075689315796,42,136,9,1,0.330067,33,False
0.3987730061349693,680,578.8242931365967,42,287,7,8,0.7275272500000001,37,False
0.38650306748466257,740,33.461349964141846,42,67,5,7,0.42005800000000004,7,True
0.3312883435582822,744,10.327104568481445,42,398,7,7,0.010099,23,True
0.15337423312883436,745,6.351810455322266,42,114,8,9,0.60253975,1,True
0.44785276073619634,689,538.0133249759674,42,265,9,5,0.61253875,23,False
0.4601226993865031,738,87.98379135131836,42,141,10,6,0.2950705,24,True
0.4601226993865031,720,240.28956627845764,42,190,3,3,0.5200480000000001,19,True
0.4601226993865031,732,138.62316489219666,42,76,5,4,0.48755125000000005,33,False
0.4723926380368098,678,660.9586846828461,42,333,2,3,0.5075492500000001,30,False
0.4601226993865031,751,6.681152820587158,42,20,7,10,0.1850815,17,True
0.4233128834355828,690,572.587249994278,42,296,10,7,0.6825317500000001,15,False
0.4723926380368098,749,38.897807121276855,42,173,5,1,0.070093,10,False
0.36809815950920244,700,472.8911988735199,42,162,10,5,0.9000100000000001,30,False
0.4662576687116564,755,7.381500959396362,42,23,9,9,0.10258975000000001,21,False
0.4539877300613497,742,123.1196038722992,42,55,2,4,0.650035,18,False
0.44171779141104295,715,351.09187865257263,42,136,8,4,0.72252775,30,False
0.4601226993865031,750,74.2125084400177,42,158,9,9,0.15508450000000001,25,False
0.39263803680981596,741,148.94684076309204,42,353,2,6,0.5225477500000001,5,True
0.50920245398773,709,410.8030915260315,42,389,4,1,0.34256575,28,True
0.4723926380368098,758,26.07901096343994,42,23,9,10,0.41755825,19,False
0.22699386503067484,759,19.16332459449768,42,278,6,9,0.30007,2,True
0.34355828220858897,762,17.10080885887146,42,352,10,10,0.030097000000000002,9,True
0.44785276073619634,760,31.972681045532227,42,15,7,2,0.5475452500000001,30,False
0.5030674846625767,679,771.5053789615631,42,380,9,1,0.8150185000000001,35,True
0.49693251533742333,698,604.672994852066,42,351,7,4,0.760024,31,True
0.5153374233128835,746,193.24018096923828,42,377,5,3,0.10258975000000001,37,False
0.4539877300613497,743,233.78533697128296,42,123,5,5,0.93250675,33,True
0.18404907975460122,769,13.273985624313354,42,168,10,10,0.84751525,1,True
0.44171779141104295,752,197.02341771125793,42,187,7,3,0.610039,10,True
0.4294478527607362,767,50.64116096496582,42,68,5,9,0.43255675000000005,26,True
0.44171779141104295,763,129.29678177833557,42,105,4,10,0.7775222500000001,34,True
0.48466257668711654,739,316.3837070465088,42,221,6,2,0.63753625,15,True
0.4110429447852761,754,209.38635563850403,42,125,4,9,0.6150385,40,False
0.4785276073619632,766,128.4573690891266,42,393,10,7,0.09259075000000001,40,False
0.2883435582822086,770,63.135395526885986,42,76,10,1,0.750025,5,False
0.4601226993865031,736,368.0455708503723,42,266,9,4,0.5050495,11,False
0.4171779141104294,756,209.32239603996277,42,122,5,9,0.6450355000000001,15,False
0.44785276073619634,735,398.83424949645996,42,366,6,8,0.6150385,26,True
0.36809815950920244,733,419.15903091430664,42,364,9,3,0.66253375,7,False
0.44171779141104295,734,446.2602610588074,42,306,6,7,0.5000500000000001,15,False
0.13496932515337423,782,1.3822424411773682,42,250,8,7,0.037596250000000005,1,False
0.49693251533742333,737,446.6877202987671,42,282,6,6,0.8550145000000001,16,True
0.49079754601226994,729,509.16801381111145,42,339,4,7,0.8250175000000001,30,True
0.36809815950920244,727,533.8355267047882,42,228,3,8,0.8450155,30,False
0.48466257668711654,721,580.957775592804,42,370,8,3,0.63753625,38,True
0.49693251533742333,778,94.68943500518799,42,237,7,4,0.09009100000000002,20,False
0.4233128834355828,776,118.27752041816711,42,354,7,10,0.18758125,19,True
0.4233128834355828,784,27.150919437408447,42,20,8,9,0.820018,None,True
0.5214723926380368,781,85.6488585472107,42,152,10,1,0.11508850000000001,36,False
0.4601226993865031,786,49.39779734611511,42,82,6,9,0.33756625,35,True
0.5030674846625767,772,204.07073831558228,42,229,2,6,0.430057,28,True
0.4233128834355828,788,63.13005185127258,42,258,3,9,0.12758725,32,True
0.4539877300613497,773,199.59281492233276,42,125,2,2,0.6950305000000001,15,True
0.4601226993865031,753,406.39230823516846,42,267,9,4,0.68753125,21,True
0.3619631901840491,796,20.48367691040039,42,351,7,10,0.01759825,32,False
0.4723926380368098,797,28.457266807556152,42,48,5,1,0.10758925000000001,26,False
0.5030674846625767,765,376.1040985584259,42,292,7,3,0.5000500000000001,33,True
0.44785276073619634,789,119.86463856697083,42,205,4,8,0.31006900000000004,32,True
0.3619631901840491,757,442.0580794811249,42,195,3,10,0.8875112500000001,22,False
0.17177914110429449,800,8.978032112121582,42,228,4,4,0.32756725000000003,1,False
0.4233128834355828,799,21.578510522842407,42,24,10,10,0.56254375,14,True
0.4294478527607362,795,88.45305681228638,42,364,3,10,0.13258675,20,True
0.4539877300613497,775,267.8315098285675,42,170,6,1,0.7200280000000001,14,True
0.49693251533742333,793,107.88465356826782,42,379,4,7,0.08009200000000001,21,False
0.39263803680981596,747,565.4821553230286,42,343,7,10,0.7525247500000001,10,False
0.4662576687116564,802,47.55867648124695,42,244,8,8,0.05759425000000001,20,False
0.4171779141104294,807,17.062076568603516,42,256,6,5,0.025097500000000002,9,False
0.48466257668711654,774,338.6701955795288,42,226,3,5,0.7075292500000001,40,True
0.38650306748466257,779,312.3946168422699,42,104,2,2,0.9000100000000001,14,False
0.43558282208588955,748,599.452005147934,42,392,5,7,0.50254975,26,False
0.5276073619631901,780,315.1643626689911,42,222,8,4,0.610039,26,True
0.48466257668711654,798,120.73626971244812,42,110,2,6,0.55254475,22,True
0.3312883435582822,792,217.71330642700195,42,77,7,6,0.920008,28,False
0.43558282208588955,814,35.51653790473938,42,339,2,4,0.04259575000000001,12,True
0.44171779141104295,771,460.1206579208374,42,368,7,6,0.870013,9,True
0.49693251533742333,761,589.9918222427368,42,376,10,3,0.41255875000000003,32,False
0.4171779141104294,803,168.45729994773865,42,145,5,4,0.56254375,8,False
0.3803680981595092,801,190.31499695777893,42,86,7,10,0.8650135000000001,34,False
0.4785276073619632,791,333.9387218952179,42,262,8,6,0.6425357500000001,37,True
0.44171779141104295,787,357.3756890296936,42,218,9,8,0.9650035000000001,28,True
0.4539877300613497,777,458.2958676815033,42,365,7,10,0.8150185000000001,14,True
0.3619631901840491,804,216.29058074951172,42,155,8,8,0.74752525,8,False
0.4662576687116564,813,131.04121851921082,42,120,10,7,0.5825417500000001,37,True
0.4049079754601227,764,641.9620172977448,42,271,10,6,0.760024,21,False
0.48466257668711654,768,591.637323141098,42,396,9,2,0.60253975,24,True
0.4294478527607362,821,45.48450231552124,42,148,3,10,0.170083,20,True
0.4785276073619632,808,220.37774991989136,42,183,5,4,0.5075492500000001,40,True
0.4601226993865031,820,78.28715300559998,42,216,7,7,0.1850815,13,True
0.15337423312883436,829,0.7261137962341309,42,29,8,3,0.1750825,1,False
0.4539877300613497,823,70.38861846923828,42,49,6,4,0.6250375,37,True
0.44171779141104295,826,74.08476209640503,42,66,8,9,0.6750325,38,True
0.48466257668711654,790,472.4766128063202,42,265,9,4,0.49255075000000004,33,False
0.4171779141104294,832,60.6403386592865,42,296,6,10,0.12758725,10,True
0.4662576687116564,811,282.68224143981934,42,190,2,2,0.41505850000000005,14,False
0.39263803680981596,809,317.2861521244049,42,318,6,2,0.9875012500000001,6,True
0.5030674846625767,817,210.89808583259583,42,179,7,3,0.4650535,23,True
0.44785276073619634,805,378.32524371147156,42,312,8,9,0.45005500000000004,15,False
0.34355828220858897,794,491.55199551582336,42,204,5,7,0.8875112500000001,13,False
0.44785276073619634,836,60.294161319732666,42,30,2,1,0.440056,35,False
0.44785276073619634,824,196.5202555656433,42,129,10,8,0.9775022500000001,12,True
0.48466257668711654,833,107.69923686981201,42,223,10,5,0.12258775000000001,32,False
0.49079754601226994,816,292.236314535141,42,130,4,1,0.8250175000000001,None,True
0.22699386503067484,840,20.980921030044556,42,217,9,9,0.34256575,2,False
0.5030674846625767,806,422.658127784729,42,296,7,4,0.37756225000000004,30,False
0.44785276073619634,831,183.01038813591003,42,305,8,10,0.36006400000000005,36,True
0.294478527607362,783,627.9737796783447,42,231,6,6,0.9700030000000001,13,False
0.3496932515337423,848,1.778843641281128,42,18,9,6,0.04259575000000001,11,True
0.48466257668711654,843,44.0184051990509,42,91,10,1,0.16258375,21,True
0.4294478527607362,819,293.4749677181244,42,287,4,3,0.64753525,9,True
0.4539877300613497,841,50.3974666595459,42,194,7,7,0.150085,10,True
0.3803680981595092,785,630.2765309810638,42,189,3,1,0.8125187500000001,37,False
0.3558282208588957,853,2.5541939735412598,42,13,4,1,0.06759325000000001,12,True
0.26993865030674846,835,136.136727809906,42,186,5,1,0.9375062500000001,4,False
0.48466257668711654,834,143.58671116828918,42,286,3,2,0.150085,22,True
0.49079754601226994,822,280.9160044193268,42,266,4,8,0.35756425000000003,28,False
0.4171779141104294,847,53.39676070213318,42,183,9,10,0.16258375,31,True
0.4662576687116564,845,72.04575657844543,42,39,10,3,0.4850515,38,False
0.4723926380368098,818,343.51483154296875,42,358,5,8,0.32256775000000004,29,False
0.15950920245398773,859,8.79118013381958,42,102,9,2,0.74752525,1,False
0.38650306748466257,844,89.35276699066162,42,37,10,7,0.8300170000000001,23,False
0.48466257668711654,810,463.7899100780487,42,381,10,9,0.7425257500000001,26,True
0.4662576687116564,846,85.9759213924408,42,190,5,5,0.11258875000000002,36,False
0.49079754601226994,825,305.2177436351776,42,342,10,5,0.40006,35,True
0.4723926380368098,849,92.98106980323792,42,98,10,7,0.50254975,33,True
0.5276073619631901,856,69.13184332847595,42,50,2,2,0.30756925,26,False
0.32515337423312884,854,77.80045652389526,42,248,5,6,0.40006,4,False
0.2883435582822086,858,59.080952167510986,42,217,10,4,0.6950305000000001,3,True
0.4723926380368098,862,60.54075765609741,42,34,6,4,0.8400160000000001,19,True
0.4049079754601227,868,36.25357437133789,42,46,5,1,0.25257475,25,True
0.4049079754601227,869,47.59454298019409,42,16,8,4,0.8550145000000001,27,False
0.49693251533742333,838,234.83008885383606,42,232,10,3,0.25257475,34,False
0.147239263803681,873,4.4876039028167725,42,284,5,3,0.12758725,1,False
0.39263803680981596,827,380.5586996078491,42,167,2,8,0.82251775,28,False
0.17791411042944785,874,19.941769123077393,42,275,3,8,0.78252175,1,True
0.4294478527607362,830,372.65806674957275,42,350,3,7,0.49255075000000004,9,False
0.48466257668711654,855,171.50263929367065,42,108,3,4,0.42755725000000006,28,False
0.49079754601226994,850,189.98235321044922,42,121,10,1,0.610039,38,True
0.3619631901840491,871,68.80133271217346,42,144,7,7,0.440056,5,False
0.48466257668711654,866,110.13527488708496,42,63,3,7,0.99250075,29,True
0.49079754601226994,876,28.08541202545166,42,15,9,1,0.7550245000000001,33,True
0.4171779141104294,812,599.9566650390625,42,229,3,4,0.7450255,23,False
0.3987730061349693,882,23.85947871208191,42,17,7,6,0.7250275,19,True
0.4601226993865031,872,85.06173419952393,42,299,3,5,0.110089,26,True
0.36809815950920244,878,93.93611693382263,42,236,7,4,0.48255175000000006,5,True
0.44171779141104295,864,240.8284454345703,42,189,4,9,0.46755325000000003,24,False
0.48466257668711654,880,110.4286482334137,42,241,10,2,0.150085,28,True
0.4294478527607362,870,203.54296922683716,42,147,8,8,0.8125187500000001,34,True
0.4601226993865031,852,324.79067301750183,42,200,10,3,0.6925307500000001,None,True
0.43558282208588955,889,23.557938814163208,42,38,7,7,0.31506850000000003,32,True
0.31901840490797545,839,421.6852126121521,42,181,5,9,0.880012,32,False
0.5030674846625767,865,275.6211128234863,42,260,8,3,0.25507450000000004,35,False
0.5153374233128835,851,351.9176459312439,42,265,5,2,0.48255175000000006,31,True
0.4233128834355828,884,146.27938389778137,42,163,4,10,0.9725027500000001,6,True
0.37423312883435583,887,78.72200655937195,42,370,2,6,0.19258075,5,False
0.4723926380368098,893,90.43783807754517,42,75,4,5,0.5700430000000001,31,True
0.5030674846625767,888,133.43627190589905,42,383,6,1,0.10009000000000001,23,True
0.4723926380368098,875,277.79683232307434,42,196,7,1,0.5250475,30,True
0.44785276073619634,895,85.60692572593689,42,158,10,8,0.290071,34,True
0.49079754601226994,881,263.01367831230164,42,111,5,2,0.9575042500000001,30,True
0.4601226993865031,863,402.6889088153839,42,258,6,6,0.9400060000000001,12,True
0.3374233128834356,900,9.0885009765625,42,16,2,3,0.7050295000000001,5,True
0.4171779141104294,861,441.2323863506317,42,196,7,6,0.73752625,17,False
0.32515337423312884,815,855.1420679092407,42,346,3,10,0.9900010000000001,33,False
0.4539877300613497,899,69.42743349075317,42,37,9,2,0.7550245000000001,37,True
0.43558282208588955,897,89.37823009490967,42,326,2,10,0.12258775000000001,9,False
0.44785276073619634,904,38.88657832145691,42,39,2,8,0.5825417500000001,16,True
0.2822085889570552,886,246.06391787528992,42,383,9,5,0.8425157500000001,4,False
0.48466257668711654,894,184.30155086517334,42,305,6,2,0.190081,37,True
0.15950920245398773,907,12.292886018753052,42,318,5,4,0.40006,1,True
0.4539877300613497,828,752.4833660125732,42,339,9,4,0.6675332500000001,17,False
0.3006134969325153,842,590.2741587162018,42,239,4,9,0.9475052500000001,20,False
0.4662576687116564,913,28.155876874923706,42,271,10,2,0.01759825,27,False
0.43558282208588955,912,48.7988703250885,42,72,6,8,0.36506350000000004,26,True
0.4294478527607362,837,692.6501181125641,42,261,4,2,0.6850315,21,False
0.44785276073619634,916,22.076581478118896,42,28,5,3,0.17258275,34,False
0.1656441717791411,915,29.91615080833435,42,393,2,8,0.6575342500000001,1,False
0.44785276073619634,890,298.0038695335388,42,219,4,10,0.8725127500000001,20,True
0.44785276073619634,877,474.1384046077728,42,326,10,9,0.5325467500000001,36,False
0.44171779141104295,920,7.158835411071777,42,18,9,10,0.25507450000000004,10,True
0.48466257668711654,891,312.99369955062866,42,294,10,1,0.41505850000000005,23,True
0.4110429447852761,885,439.5033493041992,42,196,5,7,0.7625237500000001,21,False
0.4662576687116564,909,139.36450934410095,42,109,3,5,0.6050395000000001,34,True
0.4049079754601227,922,20.261016607284546,42,209,7,10,0.05009500000000001,40,True
0.26993865030674846,924,9.754906177520752,42,26,10,2,0.96750325,3,True
0.4601226993865031,896,311.33876848220825,42,220,3,6,0.44255575,30,False
0.4601226993865031,910,172.18748664855957,42,264,7,2,0.32256775000000004,11,True
0.4539877300613497,919,112.00640225410461,42,329,4,1,0.12258775000000001,9,False
0.2392638036809816,929,1.888822078704834,42,126,2,5,0.01759825,4,False
0.3374233128834356,927,59.500099182128906,42,174,7,10,0.5925407500000001,4,True
0.50920245398773,908,240.15638136863708,42,235,10,3,0.410059,31,True
0.44171779141104295,857,743.2912619113922,42,393,4,7,0.63753625,25,False
0.44785276073619634,925,92.14609742164612,42,82,7,9,0.40755925000000004,23,False
0.48466257668711654,902,316.78380060195923,42,198,5,3,0.6425357500000001,27,True
0.4601226993865031,921,146.47813153266907,42,212,8,9,0.40255975000000005,24,True
0.3374233128834356,901,346.0259449481964,42,151,3,9,0.8675132500000001,27,False
0.49079754601226994,860,762.7634356021881,42,338,2,1,0.8150185000000001,29,True
0.4785276073619632,903,344.43983149528503,42,261,10,6,0.6750325,32,True
0.4171779141104294,939,5.893831014633179,42,12,7,5,0.12258775000000001,21,False
0.4662576687116564,917,214.52510619163513,42,168,8,2,0.41755825,12,False
0.43558282208588955,914,305.59181666374207,42,250,7,10,0.9475052500000001,9,True
0.4539877300613497,936,80.46392035484314,42,140,5,8,0.31006900000000004,20,True
0.4785276073619632,934,117.91738224029541,42,113,2,10,0.66253375,None,True
0.38650306748466257,943,13.092498064041138,42,13,3,10,0.6350365,19,True
0.4601226993865031,892,550.1063146591187,42,236,2,3,0.6075392500000001,30,False
0.3558282208588957,942,19.77714967727661,42,176,3,10,0.06259375,11,True
0.4662576687116564,883,684.7909889221191,42,361,9,4,0.5550445,18,False
0.4785276073619632,898,471.59767627716064,42,379,2,7,0.42505750000000003,15,False
0.5214723926380368,906,415.83681201934814,42,392,8,2,0.25757425,21,False
0.32515337423312884,911,391.4597611427307,42,116,3,3,0.930007,30,False
0.48466257668711654,879,762.1367373466492,42,395,5,2,0.47255275,27,False
0.27607361963190186,952,3.83103609085083,42,239,10,2,0.010099,6,False
0.44785276073619634,950,33.50652861595154,42,170,6,2,0.05759425000000001,18,True
0.4233128834355828,949,68.81243467330933,42,90,8,4,0.43255675000000005,10,True
0.4233128834355828,947,99.5840151309967,42,189,4,5,0.37006300000000003,8,True
0.4049079754601227,953,50.19672703742981,42,156,8,10,0.18258175000000001,31,True
0.4171779141104294,948,109.9539520740509,42,247,6,9,0.38256175000000003,7,True
0.4785276073619632,944,135.42509579658508,42,156,9,8,0.48255175000000006,26,True
0.3803680981595092,959,1.3075697422027588,42,20,4,10,0.04259575000000001,8,True
0.5153374233128835,954,63.752516984939575,42,188,8,5,0.09259075000000001,14,False
0.22085889570552147,958,15.797479152679443,42,92,7,3,0.610039,2,False
0.39263803680981596,926,356.26274037361145,42,361,7,9,0.5250475,8,False
0.44171779141104295,931,283.1398777961731,42,214,10,10,0.84751525,25,True
0.4723926380368098,918,417.91056776046753,42,299,5,1,0.5100490000000001,23,True
0.4049079754601227,955,56.50938963890076,42,28,6,3,0.8675132500000001,22,True
0.44785276073619634,966,13.515681982040405,42,21,9,9,0.220078,26,False
0.4601226993865031,945,158.2516806125641,42,104,10,8,0.9000100000000001,19,True
0.44785276073619634,935,283.6819498538971,42,197,3,9,0.8875112500000001,28,True
0.4785276073619632,930,327.11902928352356,42,367,7,2,0.35256475000000004,17,True
0.43558282208588955,963,34.98694682121277,42,157,10,8,0.12508750000000002,7,False
0.4294478527607362,970,6.878018379211426,42,44,6,7,0.05259475000000001,11,False
0.4233128834355828,956,80.27928400039673,42,45,2,10,0.6950305000000001,35,False
0.3987730061349693,961,54.27745485305786,42,130,6,6,0.28757125,6,False
0.1656441717791411,971,19.416953086853027,42,309,5,3,0.6675332500000001,1,True
0.4110429447852761,975,6.702831029891968,42,109,5,7,0.025097500000000002,21,True
0.3987730061349693,960,73.44898748397827,42,90,4,5,0.68753125,7,True
0.3067484662576687,957,91.77208542823792,42,33,2,7,0.9975002500000001,40,False
0.43558282208588955,932,343.0324761867523,42,329,9,3,0.6200380000000001,10,True
0.43558282208588955,964,103.33776354789734,42,327,9,1,0.20257975,8,True
0.4539877300613497,976,44.47699522972107,42,192,3,6,0.06759325000000001,13,False
0.39263803680981596,978,42.536627769470215,42,139,3,10,0.17258275,17,True
0.37423312883435583,977,51.01318621635437,42,180,9,8,0.25507450000000004,5,False
0.44171779141104295,974,70.71741461753845,42,67,5,6,0.52754725,31,True
0.4785276073619632,962,155.24201273918152,42,117,9,6,0.4050595,24,False
0.43558282208588955,969,138.74748349189758,42,122,7,8,0.39006100000000005,18,False
0.4785276073619632,984,60.14469528198242,42,92,4,4,0.25007500000000005,31,True
0.3067484662576687,905,709.0084185600281,42,279,7,9,0.9725027500000001,32,False
0.15950920245398773,986,21.951133966445923,42,258,6,2,0.7275272500000001,1,False
0.44785276073619634,981,83.79833960533142,42,395,10,9,0.110089,30,True
0.3312883435582822,933,461.66825246810913,42,206,5,9,0.8650135000000001,14,False
0.4539877300613497,973,155.72317481040955,42,121,2,9,0.7850215,28,True
0.4539877300613497,988,24.812845945358276,42,29,8,3,0.32256775000000004,26,True
0.3987730061349693,937,443.2494397163391,42,236,8,9,0.70003,34,False
0.5153374233128835,979,146.123797416687,42,271,10,4,0.130087,31,False
0.37423312883435583,994,18.661815643310547,42,368,8,3,0.030097000000000002,8,True
0.44785276073619634,923,604.47096824646,42,228,5,1,0.6575342500000001,25,False
0.4723926380368098,987,73.2164478302002,42,238,10,5,0.0750925,21,False
0.2392638036809816,998,2.4757330417633057,42,30,9,2,0.28257175,2,False
0.48466257668711654,941,463.7168161869049,42,265,3,5,0.8500150000000001,37,True
0.31901840490797545,985,109.65139365196228,42,61,4,10,0.9050095,9,False
0.4539877300613497,965,260.6952636241913,42,232,9,8,0.66253375,15,True
0.294478527607362,989,75.54926133155823,42,212,10,9,0.9375062500000001,3,True
0.44785276073619634,951,375.5981774330139,42,388,5,10,0.36006400000000005,39,False
0.31901840490797545,867,1217.7021532058716,42,392,5,2,1.0,13,False
0.37423312883435583,972,251.22598361968994,42,333,9,7,0.9700030000000001,5,True
0.50920245398773,1004,30.47652840614319,42,41,9,4,0.18008200000000002,40,False
0.4539877300613497,1000,43.83654475212097,42,23,3,3,0.7850215,37,True
0.43558282208588955,1003,42.55326461791992,42,69,8,6,0.36256375,10,True
0.4171779141104294,1006,16.64618682861328,42,11,2,5,0.7625237500000001,15,True
0.1656441717791411,1009,4.309641361236572,42,84,4,10,0.430057,1,False
0.3558282208588957,980,210.01278352737427,42,74,3,5,0.8750125000000001,25,False
0.4539877300613497,982,218.950044631958,42,95,7,4,0.6450355000000001,32,False
0.4723926380368098,1001,78.45383405685425,42,50,5,9,0.5650435,37,False
0.4601226993865031,1002,83.68781161308289,42,115,8,6,0.34256575,27,True
0.294478527607362,1014,6.305800199508667,42,20,8,5,0.77252275,3,True
0.49693251533742333,995,135.98630118370056,42,204,3,1,0.18008200000000002,37,True
0.3374233128834356,928,682.9624168872833,42,272,4,5,0.920008,12,False
0.44785276073619634,997,151.70841598510742,42,356,9,3,0.1450855,25,True
0.4601226993865031,983,318.5545606613159,42,361,6,9,0.31006900000000004,26,False
0.3987730061349693,946,625.5580999851227,42,208,10,1,0.8300170000000001,23,False
0.48466257668711654,1018,129.96248745918274,42,151,10,3,0.21757825,19,False
0.5276073619631901,1016,143.84744668006897,42,165,9,1,0.19258075,32,False
